Workbook

Sheet Lars B
A1: Jahr | B1: 2026 | F1: / = Wochenende | AB1: 4 Stunden - 24 Dezember
A2: MA: | B2: Lars Bölecke | F2: U=Urlaub | AB2: 4 Stunden - 31 Dezember
F3: K=Krank
F4: KK=Kindkrank
F5: F=Feiertag
D7: Arbeitstag
B8: Monat | C8: Projekt | D8: 1 | E8: 2 | F8: 3 | G8: 4 | H8: 5 | I8: 6 | J8: 7 | K8: 8 | L8: 9 | M8: 10 | N8: 11 | O8: 12 | P8: 13 | Q8: 14 | R8: 15 | S8: 16 | T8: 17 | U8: 18 | V8: 19 | W8: 20 | X8: 21 | Y8: 22 | Z8: 23 | AA8: 24 | AB8: 25 | AC8: 26 | AD8: 27 | AE8: 28 | AF8: 29 | AG8: 30 | AH8: 31 | AI8: Arbeitsstunden | AJ8: Urlaubstunden | AK8: Feiertag
B9: Januar | C9: POLYVETEX | D9: F | E9: U | F9: / | G9: / | M9: / | N9: / | T9: / | U9: / | AA9: / | AB9: / | AH9: / | AI9: =SUM(D9:E9,H9:L9,O9:S9,V9:Z9,AC9:AG9) -> 0 | AJ9: 8 | AK9: 8
C10: ENKOS | D10: F | E10: U | F10: / | G10: / | M10: / | N10: / | T10: / | U10: / | AA10: / | AB10: / | AH10: / | AI10: =SUM(D10:E10,H10:L10,O10:S10,V10:Z10,AC10:AG10) -> 0
B11: 20 Arbeitstage | C11: ESSENCE | D11: F | E11: U | F11: / | G11: / | M11: / | N11: / | T11: / | U11: / | AA11: / | AB11: / | AH11: / | AI11: =SUM(D11:E11,H11:L11,O11:S11,V11:Z11,AC11:AG11) -> 0
C12: IDLE | D12: F | E12: U | F12: / | G12: / | M12: / | N12: / | T12: / | U12: / | AA12: / | AB12: / | AH12: / | AI12: =SUM(D12:E12,H12:L12,O12:S12,V12:Z12,AC12:AG12) -> 0
B13: 160 | C13: AREALIGHT | D13: F | E13: U | F13: / | G13: / | M13: / | N13: / | T13: / | U13: / | AA13: / | AB13: / | AH13: / | AI13: =SUM(D13:E13,H13:L13,O13:S13,V13:Z13,AC13:AG13) -> 0
C14: MR ASSIST | D14: F | E14: U | F14: / | G14: / | M14: / | N14: / | T14: / | U14: / | AA14: / | AB14: / | AH14: / | AI14: =SUM(D14:E14,H14:L14,O14:S14,V14:Z14,AC14:AG14) -> 0
B15: 1 Feiertag | C15: HEATFLUXTEX | D15: F | E15: U | F15: / | G15: / | M15: / | N15: / | T15: / | U15: / | AA15: / | AB15: / | AH15: / | AI15: =SUM(D15:E15,H15:L15,O15:S15,V15:Z15,AC15:AG15) -> 0
B16: 1Betrieburlaub | C16: FLEXtexIR | D16: F | E16: U | F16: / | G16: / | M16: / | N16: / | T16: / | U16: / | AA16: / | AB16: / | AH16: / | AI16: =SUM(D16:E16,H16:L16,O16:S16,V16:Z16,AC16:AG16) -> 0
C17: SOLARGROW | D17: F | E17: U | F17: / | G17: / | M17: / | N17: / | T17: / | U17: / | AA17: / | AB17: / | AH17: / | AI17: =SUM(D17:E17,H17:L17,O17:S17,V17:Z17,AC17:AG17) -> 0
C18: TEXWELD | D18: F | E18: U | F18: / | G18: / | M18: / | N18: / | T18: / | U18: / | AA18: / | AB18: / | AH18: / | AI18: =SUM(D18:E18,H18:L18,O18:S18,V18:Z18,AC18:AG18) -> 0
AI19: =SUM(AI9:AI18) -> 0 | AK19: =SUM(AI19,AJ9:AK9) -> 16
B20: Februar | C20: POLYVETEX | D20: / | J20: / | K20: / | Q20: / | R20: / | X20: / | Y20: / | AE20: / | AF20: / | AI20: =SUM(E20:I20,L20:P20,S20:W20,Z20:AD20) -> 0 | AK20: 0
C21: ENKOS | D21: / | J21: / | K21: / | Q21: / | R21: / | X21: / | Y21: / | AE21: / | AF21: / | AI21: =SUM(E21:I21,L21:P21,S21:W21,Z21:AD21) -> 0
B22: 20 Arbeitstage | C22: ESSENCE | D22: / | J22: / | K22: / | Q22: / | R22: / | X22: / | Y22: / | AE22: / | AF22: / | AI22: =SUM(E22:I22,L22:P22,S22:W22,Z22:AD22) -> 0
C23: IDLE | D23: / | J23: / | K23: / | Q23: / | R23: / | X23: / | Y23: / | AE23: / | AF23: / | AI23: =SUM(E23:I23,L23:P23,S23:W23,Z23:AD23) -> 0
B24: 168 | C24: AREALIGHT | D24: / | J24: / | K24: / | Q24: / | R24: / | X24: / | Y24: / | AE24: / | AF24: / | AI24: =SUM(E24:I24,L24:P24,S24:W24,Z24:AD24) -> 0
C25: MR ASSIST | D25: / | J25: / | K25: / | Q25: / | R25: / | X25: / | Y25: / | AE25: / | AF25: / | AI25: =SUM(E25:I25,L25:P25,S25:W25,Z25:AD25) -> 0
C26: HEATFLUXTEX | D26: / | J26: / | K26: / | Q26: / | R26: / | X26: / | Y26: / | AE26: / | AF26: / | AI26: =SUM(E26:I26,L26:P26,S26:W26,Z26:AD26) -> 0
C27: FLEXtexIR | D27: / | J27: / | K27: / | Q27: / | R27: / | X27: / | Y27: / | AE27: / | AF27: / | AI27: =SUM(E27:I27,L27:P27,S27:W27,Z27:AD27) -> 0
C28: SOLARGROW | D28: / | J28: / | K28: / | Q28: / | R28: / | X28: / | Y28: / | AE28: / | AF28: / | AI28: =SUM(E28:I28,L28:P28,S28:W28,Z28:AD28) -> 0
C29: TEXWELD | D29: / | J29: / | K29: / | Q29: / | R29: / | X29: / | Y29: / | AE29: / | AF29: / | AI29: =SUM(E29:I29,L29:P29,S29:W29,Z29:AD29) -> 0
AI30: =SUM(AI20:AI29) -> 0 | AK30: =SUM(AI30,AJ20:AK20) -> 0
B31: März | C31: POLYVETEX | D31: / | J31: / | K31: / | Q31: / | R31: / | X31: / | Y31: / | AE31: / | AF31: / | AI31: =SUM(E31:I31,L31:P31,S31:W31,Z31:AD31,AG31:AH31) -> 0 | AK31: 0
C32: ENKOS | D32: / | J32: / | K32: / | Q32: / | R32: / | X32: / | Y32: / | AE32: / | AF32: / | AI32: =SUM(E32:I32,L32:P32,S32:W32,Z32:AD32,AG32:AH32) -> 0
B33: 22 Arbeitstage | C33: ESSENCE | D33: / | J33: / | K33: / | Q33: / | R33: / | X33: / | Y33: / | AE33: / | AF33: / | AI33: =SUM(E33:I33,L33:P33,S33:W33,Z33:AD33,AG33:AH33) -> 0
C34: IDLE | D34: / | J34: / | K34: / | Q34: / | R34: / | X34: / | Y34: / | AE34: / | AF34: / | AI34: =SUM(E34:I34,L34:P34,S34:W34,Z34:AD34,AG34:AH34) -> 0
B35: 176 | C35: AREALIGHT | D35: / | J35: / | K35: / | Q35: / | R35: / | X35: / | Y35: / | AE35: / | AF35: / | AI35: =SUM(E35:I35,L35:P35,S35:W35,Z35:AD35,AG35:AH35) -> 0
C36: MR ASSIST | D36: / | J36: / | K36: / | Q36: / | R36: / | X36: / | Y36: / | AE36: / | AF36: / | AI36: =SUM(E36:I36,L36:P36,S36:W36,Z36:AD36,AG36:AH36) -> 0
C37: HEATFLUXTEX | D37: / | J37: / | K37: / | Q37: / | R37: / | X37: / | Y37: / | AE37: / | AF37: / | AI37: =SUM(E37:I37,L37:P37,S37:W37,Z37:AD37,AG37:AH37) -> 0
C38: FLEXtexIR | D38: / | J38: / | K38: / | Q38: / | R38: / | X38: / | Y38: / | AE38: / | AF38: / | AI38: =SUM(E38:I38,L38:P38,S38:W38,Z38:AD38,AG38:AH38) -> 0
C39: SOLARGROW | D39: / | J39: / | K39: / | Q39: / | R39: / | X39: / | Y39: / | AE39: / | AF39: / | AI39: =SUM(E39:I39,L39:P39,S39:W39,Z39:AD39,AG39:AH39) -> 0
C40: TEXWELD | D40: / | J40: / | K40: / | Q40: / | R40: / | X40: / | Y40: / | AE40: / | AF40: / | AI40: =SUM(E40:I40,L40:P40,S40:W40,Z40:AD40,AG40:AH40) -> 0
AI41: =SUM(AI31:AI40) -> 0 | AK41: =SUM(AI41,AJ31:AK31) -> 0
B42: April | C42: POLYVETEX | G42: / | H42: / | I42: F | N42: / | O42: / | U42: / | V42: / | AB42: / | AC42: / | AI42: =SUM(D42:F42,J42:M42,P42:T42,W42:AA42,AD42:AG42) -> 0 | AK42: 8
C43: ENKOS | G43: / | H43: / | I43: F | N43: / | O43: / | U43: / | V43: / | AB43: / | AC43: / | AI43: =SUM(D43:F43,J43:M43,P43:T43,W43:AA43,AD43:AG43) -> 0
B44: 22 Arbeitstage | C44: ESSENCE | G44: / | H44: / | I44: F | N44: / | O44: / | U44: / | V44: / | AB44: / | AC44: / | AI44: =SUM(D44:F44,J44:M44,P44:T44,W44:AA44,AD44:AG44) -> 0
B45: 1 F | C45: IDLE | G45: / | H45: / | I45: F | N45: / | O45: / | U45: / | V45: / | AB45: / | AC45: / | AI45: =SUM(D45:F45,J45:M45,P45:T45,W45:AA45,AD45:AG45) -> 0
B46: 176 | C46: AREALIGHT | G46: / | H46: / | I46: F | N46: / | O46: / | U46: / | V46: / | AB46: / | AC46: / | AI46: =SUM(D46:F46,J46:M46,P46:T46,W46:AA46,AD46:AG46) -> 0
C47: FLEXTEXIR | G47: / | H47: / | I47: F | N47: / | O47: / | U47: / | V47: / | AB47: / | AC47: / | AI47: =SUM(D47:F47,J47:M47,P47:T47,W47:AA47,AD47:AG47) -> 0
C48: MR ASSIST | G48: / | H48: / | I48: F | N48: / | O48: / | U48: / | V48: / | AB48: / | AC48: / | AI48: =SUM(D48:F48,J48:M48,P48:T48,W48:AA48,AD48:AG48) -> 0
C49: HEATFLUXTEX | G49: / | H49: / | I49: F | N49: / | O49: / | U49: / | V49: / | AB49: / | AC49: / | AI49: =SUM(D49:F49,J49:M49,P49:T49,W49:AA49,AD49:AG49) -> 0
C50: FLEXtexIR | G50: / | H50: / | I50: F | N50: / | O50: / | U50: / | V50: / | AB50: / | AC50: / | AI50: =SUM(D50:F50,J50:M50,P50:T50,W50:AA50,AD50:AG50) -> 0
C51: SOLARGROW | G51: / | H51: / | I51: F | N51: / | O51: / | U51: / | V51: / | AB51: / | AC51: / | AI51: =SUM(D51:F51,J51:M51,P51:T51,W51:AA51,AD51:AG51) -> 0
C52: TEXWELD | G52: / | H52: / | I52: F | N52: / | O52: / | U52: / | V52: / | AB52: / | AC52: / | AI52: =SUM(D52:F52,J52:M52,P52:T52,W52:AA52,AD52:AG52) -> 0
AI53: =SUM(AI42:AI52) -> 0 | AK53: =SUM(AI53,AJ42:AK42) -> 8
B54: Mai | C54: POLYVETEX | D54: F | E54: / | F54: / | L54: / | M54: / | Q54: F | R54: U | S54: / | T54: / | Z54: / | AA54: / | AB54: F | AG54: / | AH54: / | AI54: =SUM(G54:K54,N54:P54,U54:Y54,AC54:AF54) -> 0 | AJ54: 8 | AK54: 24
C55: ENKOS | D55: F | E55: / | F55: / | L55: / | M55: / | Q55: F | R55: U | S55: / | T55: / | Z55: / | AA55: / | AB55: F | AG55: / | AH55: / | AI55: =SUM(G55:K55,N55:P55,U55:Y55,AC55:AF55) -> 0
B56: 17 Arbeitstage | C56: ESSENCE | D56: F | E56: / | F56: / | L56: / | M56: / | Q56: F | R56: U | S56: / | T56: / | Z56: / | AA56: / | AB56: F | AG56: / | AH56: / | AI56: =SUM(G56:K56,N56:P56,U56:Y56,AC56:AF56) -> 0
C57: IDLE | D57: F | E57: / | F57: / | L57: / | M57: / | Q57: F | R57: U | S57: / | T57: / | Z57: / | AA57: / | AB57: F | AG57: / | AH57: / | AI57: =SUM(G57:K57,N57:P57,U57:Y57,AC57:AF57) -> 0
B58: 136 | C58: AREALIGHT | D58: F | E58: / | F58: / | L58: / | M58: / | Q58: F | R58: U | S58: / | T58: / | Z58: / | AA58: / | AB58: F | AG58: / | AH58: / | AI58: =SUM(G58:K58,N58:P58,U58:Y58,AC58:AF58) -> 0
C59: FLEXTEXIR | D59: F | E59: / | F59: / | L59: / | M59: / | Q59: F | R59: U | S59: / | T59: / | Z59: / | AA59: / | AB59: F | AG59: / | AH59: / | AI59: =SUM(G59:K59,N59:P59,U59:Y59,AC59:AF59) -> 0
B60: 3 Feiertage | C60: MR ASSIST | D60: F | E60: / | F60: / | L60: / | M60: / | Q60: F | R60: U | S60: / | T60: / | Z60: / | AA60: / | AB60: F | AG60: / | AH60: / | AI60: =SUM(G60:K60,N60:P60,U60:Y60,AC60:AF60) -> 0
B61: 1 Betriebsurlaub | C61: HEATFLUXTEX | D61: F | E61: / | F61: / | L61: / | M61: / | Q61: F | R61: U | S61: / | T61: / | Z61: / | AA61: / | AB61: F | AG61: / | AH61: / | AI61: =SUM(G61:K61,N61:P61,U61:Y61,AC61:AF61) -> 0
C62: FLEXtexIR | D62: F | E62: / | F62: / | L62: / | M62: / | Q62: F | R62: U | S62: / | T62: / | Z62: / | AA62: / | AB62: F | AG62: / | AH62: / | AI62: =SUM(G62:K62,N62:P62,U62:Y62,AC62:AF62) -> 0
C63: SOLARGROW | D63: F | E63: / | F63: / | L63: / | M63: / | Q63: F | R63: U | S63: / | T63: / | Z63: / | AA63: / | AB63: F | AG63: / | AH63: / | AI63: =SUM(G63:K63,N63:P63,U63:Y63,AC63:AF63) -> 0
C64: TEXWELD | D64: F | E64: / | F64: / | L64: / | M64: / | Q64: F | R64: U | S64: / | T64: / | Z64: / | AA64: / | AB64: F | AG64: / | AH64: / | AI64: =SUM(G64:K64,N64:P64,U64:Y64,AC64:AF64) -> 0
AI65: =SUM(AI54:AI64) -> 0 | AK65: =SUM(AI65,AJ54:AK54) -> 32
B66: Juni | C66: POLYVETEX | G66: F | H66: U | I66: / | J66: / | P66: / | Q66: / | W66: / | X66: / | AD66: / | AE66: / | AI66: =SUM(D66:F66,K66:O66,R66:V66,Y66:AC66,AF66:AG66) -> 0 | AJ66: 8 | AK66: 8
C67: ENKOS | G67: F | H67: U | I67: / | J67: / | P67: / | Q67: / | W67: / | X67: / | AD67: / | AE67: / | AI67: =SUM(D67:F67,K67:O67,R67:V67,Y67:AC67,AF67:AG67) -> 0
B68: 20 Arbeitstage | C68: ESSENCE | G68: F | H68: U | I68: / | J68: / | P68: / | Q68: / | W68: / | X68: / | AD68: / | AE68: / | AI68: =SUM(D68:F68,K68:O68,R68:V68,Y68:AC68,AF68:AG68) -> 0
B69: 160 | C69: IDLE | G69: F | H69: U | I69: / | J69: / | P69: / | Q69: / | W69: / | X69: / | AD69: / | AE69: / | AI69: =SUM(D69:F69,K69:O69,R69:V69,Y69:AC69,AF69:AG69) -> 0
B70: 1 F | C70: AREALIGHT | G70: F | H70: U | I70: / | J70: / | P70: / | Q70: / | W70: / | X70: / | AD70: / | AE70: / | AI70: =SUM(D70:F70,K70:O70,R70:V70,Y70:AC70,AF70:AG70) -> 0
B71: 1Betrieburlaub | C71: FLEXTEXIR | G71: F | H71: U | I71: / | J71: / | P71: / | Q71: / | W71: / | X71: / | AD71: / | AE71: / | AI71: =SUM(D71:F71,K71:O71,R71:V71,Y71:AC71,AF71:AG71) -> 0
C72: MR ASSIST | G72: F | H72: U | I72: / | J72: / | P72: / | Q72: / | W72: / | X72: / | AD72: / | AE72: / | AI72: =SUM(D72:F72,K72:O72,R72:V72,Y72:AC72,AF72:AG72) -> 0
C73: HEATFLUXTEX | G73: F | H73: U | I73: / | J73: / | P73: / | Q73: / | W73: / | X73: / | AD73: / | AE73: / | AI73: =SUM(D73:F73,K73:O73,R73:V73,Y73:AC73,AF73:AG73) -> 0
C74: FLEXtexIR | G74: F | H74: U | I74: / | J74: / | P74: / | Q74: / | W74: / | X74: / | AD74: / | AE74: / | AI74: =SUM(D74:F74,K74:O74,R74:V74,Y74:AC74,AF74:AG74) -> 0
C75: SOLARGROW | G75: F | H75: U | I75: / | J75: / | P75: / | Q75: / | W75: / | X75: / | AD75: / | AE75: / | AI75: =SUM(D75:F75,K75:O75,R75:V75,Y75:AC75,AF75:AG75) -> 0
C76: TEXWELD | G76: F | H76: U | I76: / | J76: / | P76: / | Q76: / | W76: / | X76: / | AD76: / | AE76: / | AI76: =SUM(D76:F76,K76:O76,R76:V76,Y76:AC76,AF76:AG76) -> 0
AI77: =SUM(AI66:AI76) -> 0 | AK77: =SUM(AI77,AJ66:AK66) -> 16
B78: Juli | C78: POLYVETEX | G78: / | H78: / | N78: / | O78: / | U78: / | V78: / | AB78: / | AC78: / | AI78: =SUM(D78:F78,I78:M78,P78:T78,W78:AA78,AD78:AH78) -> 0
C79: ENKOS | G79: / | H79: / | N79: / | O79: / | U79: / | V79: / | AB79: / | AC79: / | AI79: =SUM(D79:F79,I79:M79,P79:T79,W79:AA79,AD79:AH79) -> 0
B80: 22 Arbeitstage | C80: ESSENCE | G80: / | H80: / | N80: / | O80: / | U80: / | V80: / | AB80: / | AC80: / | AI80: =SUM(D80:F80,I80:M80,P80:T80,W80:AA80,AD80:AH80) -> 0
B81: 176 | C81: IDLE | G81: / | H81: / | N81: / | O81: / | U81: / | V81: / | AB81: / | AC81: / | AI81: =SUM(D81:F81,I81:M81,P81:T81,W81:AA81,AD81:AH81) -> 0
C82: AREALIGHT | G82: / | H82: / | N82: / | O82: / | U82: / | V82: / | AB82: / | AC82: / | AI82: =SUM(D82:F82,I82:M82,P82:T82,W82:AA82,AD82:AH82) -> 0
C83: FLEXTEXIR | G83: / | H83: / | N83: / | O83: / | U83: / | V83: / | AB83: / | AC83: / | AI83: =SUM(D83:F83,I83:M83,P83:T83,W83:AA83,AD83:AH83) -> 0
C84: MR ASSIST | G84: / | H84: / | N84: / | O84: / | U84: / | V84: / | AB84: / | AC84: / | AI84: =SUM(D84:F84,I84:M84,P84:T84,W84:AA84,AD84:AH84) -> 0
C85: HEATFLUXTEX | G85: / | H85: / | N85: / | O85: / | U85: / | V85: / | AB85: / | AC85: / | AI85: =SUM(D85:F85,I85:M85,P85:T85,W85:AA85,AD85:AH85) -> 0
C86: FLEXtexIR | G86: / | H86: / | N86: / | O86: / | U86: / | V86: / | AB86: / | AC86: / | AI86: =SUM(D86:F86,I86:M86,P86:T86,W86:AA86,AD86:AH86) -> 0
C87: SOLARGROW | G87: / | H87: / | N87: / | O87: / | U87: / | V87: / | AB87: / | AC87: / | AI87: =SUM(D87:F87,I87:M87,P87:T87,W87:AA87,AD87:AH87) -> 0
C88: TEXWELD | G88: / | H88: / | N88: / | O88: / | U88: / | V88: / | AB88: / | AC88: / | AI88: =SUM(D88:F88,I88:M88,P88:T88,W88:AA88,AD88:AH88) -> 0
AI89: =SUM(AI78:AI88) -> 0 | AK89: =SUM(AI89,AJ78:AK78) -> 0
B90: August | C90: POLYVETEX | D90: / | E90: / | K90: / | L90: / | R90: / | S90: / | Y90: / | Z90: / | AF90: / | AG90: / | AI90: =SUM(F90:J90,M90:Q90,T90:X90,AA90:AE90,AH90) -> 0
C91: ENKOS | D91: / | E91: / | K91: / | L91: / | R91: / | S91: / | Y91: / | Z91: / | AF91: / | AG91: / | AI91: =SUM(F91:J91,M91:Q91,T91:X91,AA91:AE91,AH91) -> 0
B92: 21 Arbeitstage | C92: ESSENCE | D92: / | E92: / | K92: / | L92: / | R92: / | S92: / | Y92: / | Z92: / | AF92: / | AG92: / | AI92: =SUM(F92:J92,M92:Q92,T92:X92,AA92:AE92,AH92) -> 0
B93: 168 | C93: IDLE | D93: / | E93: / | K93: / | L93: / | R93: / | S93: / | Y93: / | Z93: / | AF93: / | AG93: / | AI93: =SUM(F93:J93,M93:Q93,T93:X93,AA93:AE93,AH93) -> 0
C94: AREALIGHT | D94: / | E94: / | K94: / | L94: / | R94: / | S94: / | Y94: / | Z94: / | AF94: / | AG94: / | AI94: =SUM(F94:J94,M94:Q94,T94:X94,AA94:AE94,AH94) -> 0
C95: FLEXTEXIR | D95: / | E95: / | K95: / | L95: / | R95: / | S95: / | Y95: / | Z95: / | AF95: / | AG95: / | AI95: =SUM(F95:J95,M95:Q95,T95:X95,AA95:AE95,AH95) -> 0
C96: MR ASSIST | D96: / | E96: / | K96: / | L96: / | R96: / | S96: / | Y96: / | Z96: / | AF96: / | AG96: / | AI96: =SUM(F96:J96,M96:Q96,T96:X96,AA96:AE96,AH96) -> 0
C97: HEATFLUXTEX | D97: / | E97: / | K97: / | L97: / | R97: / | S97: / | Y97: / | Z97: / | AF97: / | AG97: / | AI97: =SUM(F97:J97,M97:Q97,T97:X97,AA97:AE97,AH97) -> 0
C98: FLEXtexIR | D98: / | E98: / | K98: / | L98: / | R98: / | S98: / | Y98: / | Z98: / | AF98: / | AG98: / | AI98: =SUM(F98:J98,M98:Q98,T98:X98,AA98:AE98,AH98) -> 0
C99: SOLARGROW | D99: / | E99: / | K99: / | L99: / | R99: / | S99: / | Y99: / | Z99: / | AF99: / | AG99: / | AI99: =SUM(F99:J99,M99:Q99,T99:X99,AA99:AE99,AH99) -> 0
C100: TEXWELD | D100: / | E100: / | K100: / | L100: / | R100: / | S100: / | Y100: / | Z100: / | AF100: / | AG100: / | AI100: =SUM(F100:J100,M100:Q100,T100:X100,AA100:AE100,AH100) -> 0
AI101: =SUM(AI90:AI100) -> 0 | AK101: =SUM(AI101,AJ90:AK90) -> 0
...

Sheet Lena S
A1: Jahr | B1: 2025 | F1: / = Wochenende | AB1: 4 Stunden - 24 Dezember
A2: MA: | B2: Mitarbeiter: | C2: Lena Sergio | F2: U=Urlaub | AB2: 4 Stunden - 31 Dezember
F3: K=Krank
F4: KK=Kindkrank
F5: F=Feiertag
D7: Arbeitstag
A8: Monat | B8: Monat | C8: Projekt | D8: 1 | E8: 2 | F8: 3 | G8: 4 | H8: 5 | I8: 6 | J8: 7 | K8: 8 | L8: 9 | M8: 10 | N8: 11 | O8: 12 | P8: 13 | Q8: 14 | R8: 15 | S8: 16 | T8: 17 | U8: 18 | V8: 19 | W8: 20 | X8: 21 | Y8: 22 | Z8: 23 | AA8: 24 | AB8: 25 | AC8: 26 | AD8: 27 | AE8: 28 | AF8: 29 | AG8: 30 | AH8: 31 | AI8: Arbeitsstunden | AJ8: Urlaubstunden | AK8: Feiertag | AL8: Krank
B9: Juli | C9: STIMULATE | H9: / | I9: / | O9: / | P9: / | V9: / | W9: / | AC9: / | AD9: / | AI9: =SUM(D9:G9,J9:N9,Q9:U9,X9:AB9,AE9:AH9) -> 0 | AJ9: 0 | AK9: 0
C10: ENKOS | H10: / | I10: / | O10: / | P10: / | V10: / | W10: / | AC10: / | AD10: / | AI10: =SUM(D10:G10,J10:N10,Q10:U10,X10:AB10,AE10:AH10) -> 0
B11: 23 Arbeitstage | C11: ESSENCE | H11: / | I11: / | O11: / | P11: / | V11: / | W11: / | AC11: / | AD11: / | AI11: =SUM(D11:G11,J11:N11,Q11:U11,X11:AB11,AE11:AH11) -> 0
C12: IDLE | H12: / | I12: / | O12: / | P12: / | V12: / | W12: / | AC12: / | AD12: / | AI12: =SUM(D12:G12,J12:N12,Q12:U12,X12:AB12,AE12:AH12) -> 0
B13: 184 | C13: AREALIGHT | H13: / | I13: / | O13: / | P13: / | V13: / | W13: / | AC13: / | AD13: / | AI13: =SUM(D13:G13,J13:N13,Q13:U13,X13:AB13,AE13:AH13) -> 0
C14: MR ASSIST | D14: 8 | E14: 8 | F14: 8 | G14: 8 | H14: / | I14: / | J14: 8 | K14: 8 | L14: 8 | M14: 8 | N14: 8 | O14: / | P14: / | Q14: 8 | R14: 8 | S14: 8 | T14: 8 | U14: 8 | V14: / | W14: / | X14: U | Y14: U | Z14: U | AA14: U | AB14: U | AC14: / | AD14: / | AE14: 8 | AF14: 8 | AG14: 8 | AH14: 8 | AI14: =SUM(D14:G14,J14:N14,Q14:U14,X14:AB14,AE14:AH14) -> 144
C15: HEATFLUXTEX | H15: / | I15: / | O15: / | P15: / | V15: / | W15: / | AC15: / | AD15: / | AI15: =SUM(D15:G15,J15:N15,Q15:U15,X15:AB15,AE15:AH15) -> 0
C16: TEXWELD | H16: / | I16: / | O16: / | P16: / | V16: / | W16: / | AC16: / | AD16: / | AI16: =SUM(D16:G16,J16:N16,Q16:U16,X16:AB16,AE16:AH16) -> 0
AI17: =SUM(AI9:AI16) -> 144 | AK17: =SUM(AI17,AJ9:AK9) -> 144
B18: August | C18: STIMULATE | E18: / | F18: / | L18: / | M18: / | S18: / | T18: / | Z18: / | AA18: / | AG18: / | AH18: / | AI18: =SUM(D18,G18:K18,N18:R18,U18:Y18,AB18:AF18) -> 0 | AJ18: 40 | AK18: 0
C19: ENKOS | E19: / | F19: / | L19: / | M19: / | S19: / | T19: / | Z19: / | AA19: / | AG19: / | AH19: / | AI19: =SUM(D19,G19:K19,N19:R19,U19:Y19,AB19:AF19) -> 0
B20: 21 Arbeitstage | C20: ESSENCE | E20: / | F20: / | L20: / | M20: / | S20: / | T20: / | Z20: / | AA20: / | AG20: / | AH20: / | AI20: =SUM(D20,G20:K20,N20:R20,U20:Y20,AB20:AF20) -> 0
C21: IDLE | E21: / | F21: / | L21: / | M21: / | S21: / | T21: / | U21: 8 | V21: 8 | W21: 8 | X21: 8 | Y21: 8 | Z21: / | AA21: / | AG21: / | AH21: / | AI21: =SUM(D21,G21:K21,N21:R21,U21:Y21,AB21:AF21) -> 40
B22: 168 | C22: AREALIGHT | E22: / | F22: / | L22: / | M22: / | P22: 8 | Q22: 8 | R22: 8 | S22: / | T22: / | Z22: / | AA22: / | AG22: / | AH22: / | AI22: =SUM(D22,G22:K22,N22:R22,U22:Y22,AB22:AF22) -> 24
C23: MR ASSIST | D23: 8 | E23: / | F23: / | G23: 8 | H23: 8 | I23: 8 | J23: 8 | K23: 8 | L23: / | M23: / | S23: / | T23: / | Z23: / | AA23: / | AB23: U | AC23: U | AD23: U | AE23: U | AF23: U | AG23: / | AH23: / | AI23: =SUM(D23,G23:K23,N23:R23,U23:Y23,AB23:AF23) -> 48
C24: HEATFLUXTEX | E24: / | F24: / | L24: / | M24: / | N24: 8 | O24: 8 | S24: / | T24: / | Z24: / | AA24: / | AG24: / | AH24: / | AI24: =SUM(D24,G24:K24,N24:R24,U24:Y24,AB24:AF24) -> 16
C25: TEXWELD | E25: / | F25: / | L25: / | M25: / | S25: / | T25: / | Z25: / | AA25: / | AG25: / | AH25: / | AI25: =SUM(D25,G25:K25,N25:R25,U25:Y25,AB25:AF25) -> 0
AI26: =SUM(AI18:AI25) -> 128 | AK26: =SUM(AI26,AJ18:AK18) -> 168
B27: September | C27: STIMULATE | D27: U | E27: U | F27: U | G27: U | H27: U | I27: / | J27: / | P27: / | Q27: / | W27: / | X27: / | AD27: / | AE27: / | AI27: =SUM(D27:H27,K27:O27,R27:V27,Y27:AC27,AF27:AG27) -> 0 | AJ27: 40 | AK27: 0
C28: ENKOS | D28: U | E28: U | F28: U | G28: U | H28: U | I28: / | J28: / | P28: / | Q28: / | W28: / | X28: / | AA28: 8 | AB28: 8 | AC28: 8 | AD28: / | AE28: / | AI28: =SUM(D28:H28,K28:O28,R28:V28,Y28:AC28,AF28:AG28) -> 24
B29: 22 Arbeitstage | C29: ESSENCE | D29: U | E29: U | F29: U | G29: U | H29: U | I29: / | J29: / | P29: / | Q29: / | W29: / | X29: / | AD29: / | AE29: / | AI29: =SUM(D29:H29,K29:O29,R29:V29,Y29:AC29,AF29:AG29) -> 0
C30: IDLE | D30: U | E30: U | F30: U | G30: U | H30: U | I30: / | J30: / | P30: / | Q30: / | U30: 8 | V30: 8 | W30: / | X30: / | Y30: 8 | Z30: 8 | AD30: / | AE30: / | AF30: 8 | AG30: 8 | AI30: =SUM(D30:H30,K30:O30,R30:V30,Y30:AC30,AF30:AG30) -> 48
B31: 176 | C31: AREALIGHT | D31: U | E31: U | F31: U | G31: U | H31: U | I31: / | J31: / | P31: / | Q31: / | R31: 8 | S31: 8 | T31: 8 | W31: / | X31: / | AD31: / | AE31: / | AI31: =SUM(D31:H31,K31:O31,R31:V31,Y31:AC31,AF31:AG31) -> 24
C32: MR ASSIST | D32: U | E32: U | F32: U | G32: U | H32: U | I32: / | J32: / | K32: 8 | L32: 8 | M32: 8 | N32: 8 | O32: 8 | P32: / | Q32: / | W32: / | X32: / | AD32: / | AE32: / | AI32: =SUM(D32:H32,K32:O32,R32:V32,Y32:AC32,AF32:AG32) -> 40
C33: HEATFLUXTEX | D33: U | E33: U | F33: U | G33: U | H33: U | I33: / | J33: / | P33: / | Q33: / | W33: / | X33: / | AD33: / | AE33: / | AI33: =SUM(D33:H33,K33:O33,R33:V33,Y33:AC33,AF33:AG33) -> 0
C34: TEXWELD | D34: U | E34: U | F34: U | G34: U | H34: U | I34: / | J34: / | P34: / | Q34: / | W34: / | X34: / | AD34: / | AE34: / | AI34: =SUM(D34:H34,K34:O34,R34:V34,Y34:AC34,AF34:AG34) -> 0
AI35: =SUM(AI27:AI34) -> 136 | AK35: =SUM(AI35,AJ27:AK27) -> 176
B36: Oktober | C36: POLYVETEX | F36: F | G36: / | H36: / | N36: / | O36: / | U36: / | V36: / | AB36: / | AC36: / | AH36: F | AI36: =SUM(D36:E36,I36:M36,P36:T36,W36:AA36,AD36:AG36) -> 0 | AK36: 16
C37: ENKOS | D37: 8 | E37: 8 | F37: F | G37: / | H37: / | I37: 8 | J37: 8 | K37: 8 | L37: 8 | M37: 8 | N37: / | O37: / | U37: / | V37: / | AB37: / | AC37: / | AH37: F | AI37: =SUM(D37:E37,I37:M37,P37:T37,W37:AA37,AD37:AG37) -> 56
B38: 21 Arbeitstage | C38: ESSENCE | F38: F | G38: / | H38: / | N38: / | O38: / | U38: / | V38: / | AB38: / | AC38: / | AH38: F | AI38: =SUM(D38:E38,I38:M38,P38:T38,W38:AA38,AD38:AG38) -> 0
B39: 2 F | C39: IDLE | F39: F | G39: / | H39: / | N39: / | O39: / | U39: / | V39: / | AB39: / | AC39: / | AH39: F | AI39: =SUM(D39:E39,I39:M39,P39:T39,W39:AA39,AD39:AG39) -> 0
B40: 184 | C40: AREALIGHT | F40: F | G40: / | H40: / | N40: / | O40: / | P40: 8 | Q40: 8 | R40: 8 | S40: 8 | T40: 8 | U40: / | V40: / | AB40: / | AC40: / | AD40: 8 | AE40: 8 | AF40: 8 | AG40: 8 | AH40: F | AI40: =SUM(D40:E40,I40:M40,P40:T40,W40:AA40,AD40:AG40) -> 72
C41: FLEXTEXIR | F41: F | G41: / | H41: / | N41: / | O41: / | U41: / | V41: / | AB41: / | AC41: / | AH41: F | AI41: 0
C42: MR ASSIST | F42: F | G42: / | H42: / | N42: / | O42: / | U42: / | V42: / | W42: 8 | X42: 8 | Y42: 8 | Z42: 8 | AA42: 8 | AB42: / | AC42: / | AH42: F | AI42: =SUM(D42:E42,I42:M42,P42:T42,W42:AA42,AD42:AG42) -> 40
C43: HEATFLUXTEX | F43: F | G43: / | H43: / | N43: / | O43: / | U43: / | V43: / | AB43: / | AC43: / | AH43: F | AI43: =SUM(D43:E43,I43:M43,P43:T43,W43:AA43,AD43:AG43) -> 0
C44: TEXWELD | F44: F | G44: / | H44: / | N44: / | O44: / | U44: / | V44: / | AB44: / | AC44: / | AH44: F | AI44: =SUM(D44:E44,I44:M44,P44:T44,W44:AA44,AD44:AG44) -> 0
AI45: =SUM(AI36:AI44) -> 168 | AK45: =SUM(AI45,AJ36:AK36) -> 184
B46: November | C46: POLYVETEX | D46: / | E46: / | K46: / | L46: / | R46: / | S46: / | Y46: / | Z46: / | AF46: / | AG46: / | AI46: =SUM(F46:J46,M46:Q46,T46:X46,AA46:AE46) -> 0
C47: ENKOS | D47: / | E47: / | F47: 8 | G47: 8 | H47: 8 | I47: 8 | J47: 8 | K47: / | L47: / | R47: / | S47: / | Y47: / | Z47: / | AF47: / | AG47: / | AI47: =SUM(F47:J47,M47:Q47,T47:X47,AA47:AE47) -> 40
B48: 20 Arbeitstage | C48: ESSENCE | D48: / | E48: / | K48: / | L48: / | R48: / | S48: / | Y48: / | Z48: / | AF48: / | AG48: / | AI48: =SUM(F48:J48,M48:Q48,T48:X48,AA48:AE48) -> 0
C49: IDLE | D49: / | E49: / | K49: / | L49: / | M49: 8 | N49: 8 | O49: 8 | P49: 8 | Q49: 8 | R49: / | S49: / | Y49: / | Z49: / | AF49: / | AG49: / | AI49: =SUM(F49:J49,M49:Q49,T49:X49,AA49:AE49) -> 40
B50: 160 | C50: AREALIGHT | D50: / | E50: / | K50: / | L50: / | R50: / | S50: / | T50: 8 | U50: 8 | V50: 8 | W50: 8 | X50: 8 | Y50: / | Z50: / | AA50: 8 | AB50: 8 | AC50: 8 | AD50: 8 | AE50: 8 | AF50: / | AG50: / | AI50: =SUM(F50:J50,M50:Q50,T50:X50,AA50:AE50) -> 80
C51: FLEXTEXIR | D51: / | E51: / | K51: / | L51: / | R51: / | S51: / | Y51: / | Z51: / | AF51: / | AG51: / | AI51: =SUM(F51:J51,M51:Q51,T51:X51,AA51:AE51) -> 0
C52: MR ASSIST | D52: / | E52: / | K52: / | L52: / | R52: / | S52: / | Y52: / | Z52: / | AF52: / | AG52: / | AI52: =SUM(F52:J52,M52:Q52,T52:X52,AA52:AE52) -> 0
C53: HEATFLUXTEX | D53: / | E53: / | K53: / | L53: / | R53: / | S53: / | Y53: / | Z53: / | AF53: / | AG53: / | AI53: =SUM(F53:J53,M53:Q53,T53:X53,AA53:AE53) -> 0
C54: TEXWELD | D54: / | E54: / | K54: / | L54: / | R54: / | S54: / | Y54: / | Z54: / | AF54: / | AG54: / | AI54: =SUM(F54:J54,M54:Q54,T54:X54,AA54:AE54) -> 0
AI55: =SUM(AI46:AI54) -> 160 | AK55: =SUM(AI55,AJ46:AK46) -> 160
B56: Dezember | C56: POLYVETEX | I56: / | J56: / | P56: / | Q56: / | W56: / | X56: / | Y56: U | Z56: U | AA56: U | AB56: F | AC56: F | AD56: / | AE56: / | AF56: U | AG56: U | AH56: U | AI56: =SUM(D56:H56,K56:O56,R56:V56) -> 0 | AJ56: 48 | AK56: 16
C57: ENKOS | I57: / | J57: / | P57: / | Q57: / | W57: / | X57: / | Y57: U | Z57: U | AA57: U | AB57: F | AC57: F | AD57: / | AE57: / | AF57: U | AG57: U | AH57: U | AI57: =SUM(D57:H57,K57:O57,R57:V57) -> 0
B58: 15 Arbeitstage | C58: ESSENCE | I58: / | J58: / | P58: / | Q58: / | W58: / | X58: / | Y58: U | Z58: U | AA58: U | AB58: F | AC58: F | AD58: / | AE58: / | AF58: U | AG58: U | AH58: U | AI58: =SUM(D58:H58,K58:O58,R58:V58) -> 0
C59: IDLE | I59: / | J59: / | P59: / | Q59: / | R59: 8 | S59: 8 | T59: 8 | U59: 8 | V59: 8 | W59: / | X59: / | Y59: U | Z59: U | AA59: U | AB59: F | AC59: F | AD59: / | AE59: / | AF59: U | AG59: U | AH59: U | AI59: =SUM(D59:H59,K59:O59,R59:V59) -> 40
B60: 2 F | C60: AREALIGHT | I60: / | J60: / | K60: 8 | L60: 8 | M60: 8 | N60: 8 | O60: 8 | P60: / | Q60: / | W60: / | X60: / | Y60: U | Z60: U | AA60: U | AB60: F | AC60: F | AD60: / | AE60: / | AF60: U | AG60: U | AH60: U | AI60: =SUM(D60:H60,K60:O60,R60:V60) -> 40
B61: 6 Betrieburlaub | C61: FLEXTEXIR | I61: / | J61: / | P61: / | Q61: / | W61: / | X61: / | Y61: U | Z61: U | AA61: U | AB61: F | AC61: F | AD61: / | AE61: / | AF61: U | AG61: U | AH61: U | AI61: =SUM(D61:H61,K61:O61,R61:V61) -> 0
C62: MR ASSIST | I62: / | J62: / | P62: / | Q62: / | W62: / | X62: / | Y62: U | Z62: U | AA62: U | AB62: F | AC62: F | AD62: / | AE62: / | AF62: U | AG62: U | AH62: U | AI62: =SUM(D62:H62,K62:O62,R62:V62) -> 0
B63: 184 | C63: HEATFLUXTEX | D63: 8 | E63: 8 | F63: 8 | G63: 8 | H63: 8 | I63: / | J63: / | P63: / | Q63: / | W63: / | X63: / | Y63: U | Z63: U | AA63: U | AB63: F | AC63: F | AD63: / | AE63: / | AF63: U | AG63: U | AH63: U | AI63: =SUM(D63:H63,K63:O63,R63:V63) -> 40
C64: TEXWELD | I64: / | J64: / | P64: / | Q64: / | W64: / | X64: / | Y64: U | Z64: U | AA64: U | AB64: F | AC64: F | AD64: / | AE64: / | AF64: U | AG64: U | AH64: U | AI64: =SUM(D64:H64,K64:O64,R64:V64) -> 0
AI65: =SUM(AI56:AI64) -> 120 | AK65: =SUM(AI65,AJ56:AK56) -> 184
B66: Juli

Sheet Sabrina F
A1: Jahr | B1: 2025 | F1: / = Wochenende | AA1: 4 Stunden - 24 Dezember
A2: MA: | B2: Mitarbeiter: | C2: Sabrina Froschauer | F2: U=Urlaub | AA2: 4 Stunden - 31 Dezember
F3: K=Krank
F4: KK=Kindkrank
F5: F=Feiertag
D7: Arbeitstag
A8: Monat | B8: Monat | C8: Projekt | D8: 1 | E8: 2 | F8: 3 | G8: 4 | H8: 5 | I8: 6 | J8: 7 | K8: 8 | L8: 9 | M8: 10 | N8: 11 | O8: 12 | P8: 13 | Q8: 14 | R8: 15 | S8: 16 | T8: 17 | U8: 18 | V8: 19 | W8: 20 | X8: 21 | Y8: 22 | Z8: 23 | AA8: 24 | AB8: 25 | AC8: 26 | AD8: 27 | AE8: 28 | AF8: 29 | AG8: 30 | AH8: 31 | AI8: Arbeitsstunden | AJ8: Urlaubstunden | AK8: Feiertag
B9: Juli | C9: STIMULATE | H9: / | I9: / | O9: / | P9: / | V9: / | W9: / | X9: 8 | Y9: 8 | Z9: 8 | AA9: 8 | AB9: 8 | AC9: / | AD9: / | AE9: 8 | AF9: 8 | AG9: 8 | AH9: 8 | AI9: =SUM(D9:G9,J9:N9,Q9:U9,X9:AB9,AE9:AH9) -> 72 | AJ9: 0 | AK9: 0
C10: ENKOS | H10: / | I10: / | O10: / | P10: / | V10: / | W10: / | AC10: / | AD10: / | AI10: =SUM(D10:G10,J10:N10,Q10:U10,X10:AB10,AE10:AH10) -> 0
B11: 23 Arbeitstage | C11: ESSENCE | H11: / | I11: / | O11: / | P11: / | V11: / | W11: / | AC11: / | AD11: / | AI11: =SUM(D11:G11,J11:N11,Q11:U11,X11:AB11,AE11:AH11) -> 0
C12: IDLE | H12: / | I12: / | O12: / | P12: / | V12: / | W12: / | AC12: / | AD12: / | AI12: =SUM(D12:G12,J12:N12,Q12:U12,X12:AB12,AE12:AH12) -> 0
B13: 184 | C13: AREALIGHT | D13: U | E13: U | F13: U | G13: U | H13: / | I13: / | J13: 8 | K13: 8 | L13: 8 | M13: 8 | N13: 8 | O13: / | P13: / | Q13: 8 | R13: K | S13: K | T13: 8 | U13: 8 | V13: / | W13: / | AC13: / | AD13: / | AI13: =SUM(D13:G13,J13:N13,Q13:U13,X13:AB13,AE13:AH13) -> 64
C14: MR ASSIST | H14: / | I14: / | O14: / | P14: / | V14: / | W14: / | AC14: / | AD14: / | AI14: =SUM(D14:G14,J14:N14,Q14:U14,X14:AB14,AE14:AH14) -> 0
C15: HEATFLUXTEX | H15: / | I15: / | O15: / | P15: / | V15: / | W15: / | AC15: / | AD15: / | AI15: =SUM(D15:G15,J15:N15,Q15:U15,X15:AB15,AE15:AH15) -> 0
C16: TEXWELD | H16: / | I16: / | O16: / | P16: / | V16: / | W16: / | AC16: / | AD16: / | AI16: =SUM(D16:G16,J16:N16,Q16:U16,X16:AB16,AE16:AH16) -> 0
AI17: =SUM(AI9:AI16) -> 136 | AK17: =SUM(AI17,AJ9:AK9) -> 136
B18: August | C18: STIMULATE | D18: 8 | E18: / | F18: / | G18: 8 | H18: 8 | I18: 8 | J18: 8 | K18: 8 | L18: / | M18: / | N18: 8 | O18: 8 | P18: 8 | Q18: 8 | R18: 8 | S18: / | T18: / | U18: 8 | V18: 8 | W18: 8 | X18: 8 | Y18: 8 | Z18: / | AA18: / | AB18: 8 | AC18: 4 | AG18: / | AH18: / | AI18: =SUM(D18,G18:K18,N18:R18,U18:Y18,AB18:AF18) -> 140 | AJ18: 0 | AK18: 0
C19: ENKOS | E19: / | F19: / | L19: / | M19: / | S19: / | T19: / | Z19: / | AA19: / | AC19: 4 | AD19: 8 | AE19: 8 | AF19: 8 | AG19: / | AH19: / | AI19: =SUM(D19,G19:K19,N19:R19,U19:Y19,AB19:AF19) -> 28
B20: 21 Arbeitstage | C20: ESSENCE | E20: / | F20: / | L20: / | M20: / | S20: / | T20: / | Z20: / | AA20: / | AG20: / | AH20: / | AI20: =SUM(D20,G20:K20,N20:R20,U20:Y20,AB20:AF20) -> 0
C21: IDLE | E21: / | F21: / | L21: / | M21: / | S21: / | T21: / | Z21: / | AA21: / | AG21: / | AH21: / | AI21: =SUM(D21,G21:K21,N21:R21,U21:Y21,AB21:AF21) -> 0
B22: 168 | C22: AREALIGHT | E22: / | F22: / | L22: / | M22: / | S22: / | T22: / | Z22: / | AA22: / | AG22: / | AH22: / | AI22: =SUM(D22,G22:K22,N22:R22,U22:Y22,AB22:AF22) -> 0
C23: MR ASSIST | E23: / | F23: / | L23: / | M23: / | S23: / | T23: / | Z23: / | AA23: / | AG23: / | AH23: / | AI23: =SUM(D23,G23:K23,N23:R23,U23:Y23,AB23:AF23) -> 0
C24: HEATFLUXTEX | E24: / | F24: / | L24: / | M24: / | S24: / | T24: / | Z24: / | AA24: / | AG24: / | AH24: / | AI24: =SUM(D24,G24:K24,N24:R24,U24:Y24,AB24:AF24) -> 0
C25: TEXWELD | E25: / | F25: / | L25: / | M25: / | S25: / | T25: / | Z25: / | AA25: / | AG25: / | AH25: / | AI25: =SUM(D25,G25:K25,N25:R25,U25:Y25,AB25:AF25) -> 0
AI26: =SUM(AI18:AI25) -> 168 | AK26: =SUM(AI26,AJ18:AK18) -> 168
B27: September | C27: STIMULATE | I27: / | J27: / | K27: U | L27: U | M27: U | N27: U | O27: U | P27: / | Q27: / | W27: / | X27: / | AD27: / | AE27: / | AI27: =SUM(D27:H27,K27:O27,R27:V27,Y27:AC27,AF27:AG27) -> 0 | AJ27: 40 | AK27: 0
C28: ENKOS | I28: / | J28: / | K28: U | L28: U | M28: U | N28: U | O28: U | P28: / | Q28: / | W28: / | X28: / | AD28: / | AE28: / | AI28: =SUM(D28:H28,K28:O28,R28:V28,Y28:AC28,AF28:AG28) -> 0
B29: 22 Arbeitstage | C29: ESSENCE | I29: / | J29: / | K29: U | L29: U | M29: U | N29: U | O29: U | P29: / | Q29: / | W29: / | X29: / | AD29: / | AE29: / | AI29: =SUM(D29:H29,K29:O29,R29:V29,Y29:AC29,AF29:AG29) -> 0
C30: IDLE | I30: / | J30: / | K30: U | L30: U | M30: U | N30: U | O30: U | P30: / | Q30: / | W30: / | X30: / | Y30: 8 | Z30: 8 | AA30: 8 | AB30: 8 | AC30: 8 | AD30: / | AE30: / | AI30: =SUM(D30:H30,K30:O30,R30:V30,Y30:AC30,AF30:AG30) -> 40
B31: 176 | C31: AREALIGHT | D31: 8 | E31: 8 | F31: 8 | G31: 8 | H31: 8 | I31: / | J31: / | K31: U | L31: U | M31: U | N31: U | O31: U | P31: / | Q31: / | R31: 8 | S31: 8 | T31: 8 | U31: 8 | V31: 8 | W31: / | X31: / | AD31: / | AE31: / | AI31: =SUM(D31:H31,K31:O31,R31:V31,Y31:AC31,AF31:AG31) -> 80
C32: MR ASSIST | I32: / | J32: / | K32: U | L32: U | M32: U | N32: U | O32: U | P32: / | Q32: / | W32: / | X32: / | AD32: / | AE32: / | AI32: =SUM(D32:H32,K32:O32,R32:V32,Y32:AC32,AF32:AG32) -> 0
C33: HEATFLUXTEX | I33: / | J33: / | K33: U | L33: U | M33: U | N33: U | O33: U | P33: / | Q33: / | W33: / | X33: / | AD33: / | AE33: / | AI33: =SUM(D33:H33,K33:O33,R33:V33,Y33:AC33,AF33:AG33) -> 0
C34: TEXWELD | I34: / | J34: / | K34: U | L34: U | M34: U | N34: U | O34: U | P34: / | Q34: / | W34: / | X34: / | AD34: / | AE34: / | AI34: =SUM(D34:H34,K34:O34,R34:V34,Y34:AC34,AF34:AG34) -> 0
AI35: =SUM(AI27:AI34) -> 120 | AK35: =SUM(AI35,AJ27:AK27) -> 160
B36: Oktober | C36: POLYVETEX | F36: F | G36: / | H36: / | N36: / | O36: / | U36: / | V36: / | AB36: / | AC36: / | AH36: F | AI36: =SUM(D36:E36,I36:M36,P36:T36,W36:AA36,AD36:AG36) -> 0 | AK36: 16
C37: ENKOS | D37: 8 | E37: 8 | F37: F | G37: / | H37: / | N37: / | O37: / | U37: / | V37: / | AB37: / | AC37: / | AD37: 8 | AE37: 8 | AF37: 8 | AG37: 8 | AH37: F | AI37: =SUM(D37:E37,I37:M37,P37:T37,W37:AA37,AD37:AG37) -> 48
B38: 21 Arbeitstage | C38: ESSENCE | F38: F | G38: / | H38: / | N38: / | O38: / | U38: / | V38: / | AB38: / | AC38: / | AH38: F | AI38: =SUM(D38:E38,I38:M38,P38:T38,W38:AA38,AD38:AG38) -> 0
B39: 2 F | C39: IDLE | F39: F | G39: / | H39: / | I39: 8 | J39: 8 | K39: 8 | L39: 8 | M39: 8 | N39: / | O39: / | U39: / | V39: / | AB39: / | AC39: / | AH39: F | AI39: =SUM(D39:E39,I39:M39,P39:T39,W39:AA39,AD39:AG39) -> 40
B40: 184 | C40: AREALIGHT | F40: F | G40: / | H40: / | N40: / | O40: / | P40: 8 | Q40: 8 | R40: 8 | S40: 8 | T40: 8 | U40: / | V40: / | W40: 8 | X40: 8 | Y40: 8 | Z40: 8 | AA40: 8 | AB40: / | AC40: / | AH40: F | AI40: =SUM(D40:E40,I40:M40,P40:T40,W40:AA40,AD40:AG40) -> 80
C41: FLEXTEXIR | F41: F | G41: / | H41: / | N41: / | O41: / | U41: / | V41: / | AB41: / | AC41: / | AH41: F | AI41: 0
C42: MR ASSIST | F42: F | G42: / | H42: / | N42: / | O42: / | U42: / | V42: / | AB42: / | AC42: / | AH42: F | AI42: =SUM(D42:E42,I42:M42,P42:T42,W42:AA42,AD42:AG42) -> 0
C43: HEATFLUXTEX | F43: F | G43: / | H43: / | N43: / | O43: / | U43: / | V43: / | AB43: / | AC43: / | AH43: F | AI43: =SUM(D43:E43,I43:M43,P43:T43,W43:AA43,AD43:AG43) -> 0
C44: TEXWELD | F44: F | G44: / | H44: / | N44: / | O44: / | U44: / | V44: / | AB44: / | AC44: / | AH44: F | AI44: =SUM(D44:E44,I44:M44,P44:T44,W44:AA44,AD44:AG44) -> 0
AI45: =SUM(AI36:AI44) -> 168 | AK45: =SUM(AI45,AJ36:AK36) -> 184
B46: November | C46: POLYVETEX | D46: / | E46: / | K46: / | L46: / | R46: / | S46: / | Y46: / | Z46: / | AF46: / | AG46: / | AI46: =SUM(F46:J46,M46:Q46,T46:X46,AA46:AE46) -> 0
C47: ENKOS | D47: / | E47: / | F47: 8 | G47: 8 | H47: 8 | I47: 8 | J47: 8 | K47: / | L47: / | R47: / | S47: / | Y47: / | Z47: / | AF47: / | AG47: / | AI47: =SUM(F47:J47,M47:Q47,T47:X47,AA47:AE47) -> 40
B48: 20 Arbeitstage | C48: ESSENCE | D48: / | E48: / | K48: / | L48: / | R48: / | S48: / | Y48: / | Z48: / | AF48: / | AG48: / | AI48: =SUM(F48:J48,M48:Q48,T48:X48,AA48:AE48) -> 0
C49: IDLE | D49: / | E49: / | K49: / | L49: / | M49: 8 | N49: 8 | O49: 8 | P49: 8 | Q49: 8 | R49: / | S49: / | Y49: / | Z49: / | AF49: / | AG49: / | AI49: =SUM(F49:J49,M49:Q49,T49:X49,AA49:AE49) -> 40
B50: 160 | C50: AREALIGHT | D50: / | E50: / | K50: / | L50: / | R50: / | S50: / | T50: 8 | U50: 8 | V50: 8 | W50: 8 | X50: 8 | Y50: / | Z50: / | AA50: 8 | AB50: 8 | AC50: 8 | AD50: 8 | AE50: 8 | AF50: / | AG50: / | AI50: =SUM(F50:J50,M50:Q50,T50:X50,AA50:AE50) -> 80
C51: FLEXTEXIR | D51: / | E51: / | K51: / | L51: / | R51: / | S51: / | Y51: / | Z51: / | AF51: / | AG51: / | AI51: =SUM(F51:J51,M51:Q51,T51:X51,AA51:AE51) -> 0
C52: MR ASSIST | D52: / | E52: / | K52: / | L52: / | R52: / | S52: / | Y52: / | Z52: / | AF52: / | AG52: / | AI52: =SUM(F52:J52,M52:Q52,T52:X52,AA52:AE52) -> 0
C53: HEATFLUXTEX | D53: / | E53: / | K53: / | L53: / | R53: / | S53: / | Y53: / | Z53: / | AF53: / | AG53: / | AI53: =SUM(F53:J53,M53:Q53,T53:X53,AA53:AE53) -> 0
C54: TEXWELD | D54: / | E54: / | K54: / | L54: / | R54: / | S54: / | Y54: / | Z54: / | AF54: / | AG54: / | AI54: =SUM(F54:J54,M54:Q54,T54:X54,AA54:AE54) -> 0
AI55: =SUM(AI46:AI54) -> 160 | AK55: =SUM(AI55,AJ46:AK46) -> 160
B56: Dezember | C56: POLYVETEX | I56: / | J56: / | P56: / | Q56: / | W56: / | X56: / | Y56: U | Z56: U | AA56: U | AB56: F | AC56: F | AD56: / | AE56: / | AF56: U | AG56: U | AH56: U | AI56: =SUM(D56:H56,K56:O56,R56:V56) -> 0 | AJ56: 48 | AK56: 16
C57: ENKOS | D57: 8 | E57: 8 | F57: 8 | G57: 8 | H57: 8 | I57: / | J57: / | P57: / | Q57: / | W57: / | X57: / | Y57: U | Z57: U | AA57: U | AB57: F | AC57: F | AD57: / | AE57: / | AF57: U | AG57: U | AH57: U | AI57: =SUM(D57:H57,K57:O57,R57:V57) -> 40
B58: 15 Arbeitstage | C58: ESSENCE | I58: / | J58: / | P58: / | Q58: / | W58: / | X58: / | Y58: U | Z58: U | AA58: U | AB58: F | AC58: F | AD58: / | AE58: / | AF58: U | AG58: U | AH58: U | AI58: =SUM(D58:H58,K58:O58,R58:V58) -> 0
C59: IDLE | I59: / | J59: / | K59: 8 | L59: 8 | M59: 8 | N59: 8 | O59: 8 | P59: / | Q59: / | W59: / | X59: / | Y59: U | Z59: U | AA59: U | AB59: F | AC59: F | AD59: / | AE59: / | AF59: U | AG59: U | AH59: U | AI59: =SUM(D59:H59,K59:O59,R59:V59) -> 40
B60: 2 F | C60: AREALIGHT | I60: / | J60: / | P60: / | Q60: / | R60: 8 | S60: 8 | T60: 8 | U60: 8 | V60: 8 | W60: / | X60: / | Y60: U | Z60: U | AA60: U | AB60: F | AC60: F | AD60: / | AE60: / | AF60: U | AG60: U | AH60: U | AI60: =SUM(D60:H60,K60:O60,R60:V60) -> 40
B61: 6 Betrieburlaub | C61: FLEXTEXIR | I61: / | J61: / | P61: / | Q61: / | W61: / | X61: / | Y61: U | Z61: U | AA61: U | AB61: F | AC61: F | AD61: / | AE61: / | AF61: U | AG61: U | AH61: U | AI61: =SUM(D61:H61,K61:O61,R61:V61) -> 0
C62: MR ASSIST | I62: / | J62: / | P62: / | Q62: / | W62: / | X62: / | Y62: U | Z62: U | AA62: U | AB62: F | AC62: F | AD62: / | AE62: / | AF62: U | AG62: U | AH62: U | AI62: =SUM(D62:H62,K62:O62,R62:V62) -> 0
B63: 184 | C63: HEATFLUXTEX | I63: / | J63: / | P63: / | Q63: / | W63: / | X63: / | Y63: U | Z63: U | AA63: U | AB63: F | AC63: F | AD63: / | AE63: / | AF63: U | AG63: U | AH63: U | AI63: =SUM(D63:H63,K63:O63,R63:V63) -> 0
C64: TEXWELD | I64: / | J64: / | P64: / | Q64: / | W64: / | X64: / | Y64: U | Z64: U | AA64: U | AB64: F | AC64: F | AD64: / | AE64: / | AF64: U | AG64: U | AH64: U | AI64: =SUM(D64:H64,K64:O64,R64:V64) -> 0
AI65: =SUM(AI56:AI64) -> 120 | AK65: =SUM(AI65,AJ56:AK56) -> 184
B66: Juli

Sheet Karen JT
A1: Jahr | B1: 2025 | F1: / = Wochenende | AA1: 4 Stunden - 24 Dezember
A2: MA: | B2: Mitarbeiter: | C2: Karen Jimenez Taube | F2: U=Urlaub | AA2: 4 Stunden - 31 Dezember
F3: K=Krank
F4: KK=Kindkrank
F5: F=Feiertag
D7: Arbeitstag
A8: Monat | B8: Monat | C8: Projekt | D8: 1 | E8: 2 | F8: 3 | G8: 4 | H8: 5 | I8: 6 | J8: 7 | K8: 8 | L8: 9 | M8: 10 | N8: 11 | O8: 12 | P8: 13 | Q8: 14 | R8: 15 | S8: 16 | T8: 17 | U8: 18 | V8: 19 | W8: 20 | X8: 21 | Y8: 22 | Z8: 23 | AA8: 24 | AB8: 25 | AC8: 26 | AD8: 27 | AE8: 28 | AF8: 29 | AG8: 30 | AH8: 31 | AI8: Arbeitsstunden | AJ8: Urlaubstunden | AK8: Feiertag | AL8: K
B9: Juli | C9: STIMULATE | H9: / | I9: / | O9: / | P9: / | V9: / | W9: / | AC9: / | AD9: / | AI9: =SUM(D9:G9,J9:N9,Q9:U9,X9:AB9,AE9:AH9) -> 0 | AJ9: 0 | AK9: 0
C10: ENKOS | H10: / | I10: / | O10: / | P10: / | V10: / | W10: / | AC10: / | AD10: / | AI10: =SUM(D10:G10,J10:N10,Q10:U10,X10:AB10,AE10:AH10) -> 0
B11: 23 Arbeitstage | C11: ESSENCE | H11: / | I11: / | O11: / | P11: / | V11: / | W11: / | AC11: / | AD11: / | AI11: =SUM(D11:G11,J11:N11,Q11:U11,X11:AB11,AE11:AH11) -> 0
C12: IDLE | H12: / | I12: / | O12: / | P12: / | V12: / | W12: / | AC12: / | AD12: / | AI12: =SUM(D12:G12,J12:N12,Q12:U12,X12:AB12,AE12:AH12) -> 0
B13: 184 | C13: AREALIGHT | D13: 5 | E13: 5 | F13: 5 | G13: 5 | H13: / | I13: / | J13: 5 | K13: 5 | L13: 5 | M13: 5 | N13: 5 | O13: / | P13: / | Q13: 5 | R13: 5 | S13: 5 | T13: 5 | U13: 5 | V13: / | W13: / | X13: U | Y13: U | Z13: U | AA13: U | AB13: U | AC13: / | AD13: / | AE13: U | AF13: U | AG13: U | AH13: U | AI13: =SUM(D13:G13,J13:N13,Q13:U13,X13:AB13,AE13:AH13) -> 70
C14: MR ASSIST | H14: / | I14: / | O14: / | P14: / | V14: / | W14: / | AC14: / | AD14: / | AI14: =SUM(D14:G14,J14:N14,Q14:U14,X14:AB14,AE14:AH14) -> 0
C15: HEATFLUXTEX | H15: / | I15: / | O15: / | P15: / | V15: / | W15: / | AC15: / | AD15: / | AI15: =SUM(D15:G15,J15:N15,Q15:U15,X15:AB15,AE15:AH15) -> 0
C16: TEXWELD | H16: / | I16: / | O16: / | P16: / | V16: / | W16: / | AC16: / | AD16: / | AI16: =SUM(D16:G16,J16:N16,Q16:U16,X16:AB16,AE16:AH16) -> 0
AI17: =SUM(AI9:AI16) -> 70 | AK17: =SUM(AI17,AJ9:AK9) -> 70
B18: August | C18: STIMULATE | E18: / | F18: / | L18: / | M18: / | S18: / | T18: / | Z18: / | AA18: / | AG18: / | AH18: / | AI18: =SUM(D18,G18:K18,N18:R18,U18:Y18,AB18:AF18) -> 0 | AJ18: 0 | AK18: 0
C19: ENKOS | E19: / | F19: / | L19: / | M19: / | S19: / | T19: / | Z19: / | AA19: / | AG19: / | AH19: / | AI19: =SUM(D19,G19:K19,N19:R19,U19:Y19,AB19:AF19) -> 0
B20: 21 Arbeitstage | C20: ESSENCE | E20: / | F20: / | L20: / | M20: / | S20: / | T20: / | Z20: / | AA20: / | AG20: / | AH20: / | AI20: =SUM(D20,G20:K20,N20:R20,U20:Y20,AB20:AF20) -> 0
C21: IDLE | E21: / | F21: / | L21: / | M21: / | S21: / | T21: / | Z21: / | AA21: / | AG21: / | AH21: / | AI21: =SUM(D21,G21:K21,N21:R21,U21:Y21,AB21:AF21) -> 0
B22: 168 | C22: AREALIGHT | D22: U | E22: / | F22: / | G22: 5 | H22: 5 | I22: 5 | J22: 5 | K22: 5 | L22: / | M22: / | N22: U | O22: 5 | P22: 5 | Q22: 5 | R22: 5 | S22: / | T22: / | U22: 5 | V22: 5 | W22: 5 | X22: 5 | Y22: 5 | Z22: / | AA22: / | AB22: 5 | AC22: 5 | AD22: 5 | AE22: 5 | AF22: 5 | AG22: / | AH22: / | AI22: =SUM(D22,G22:K22,N22:R22,U22:Y22,AB22:AF22) -> 95
C23: MR ASSIST | E23: / | F23: / | L23: / | M23: / | S23: / | T23: / | Z23: / | AA23: / | AG23: / | AH23: / | AI23: =SUM(D23,G23:K23,N23:R23,U23:Y23,AB23:AF23) -> 0
C24: HEATFLUXTEX | E24: / | F24: / | L24: / | M24: / | S24: / | T24: / | Z24: / | AA24: / | AG24: / | AH24: / | AI24: =SUM(D24,G24:K24,N24:R24,U24:Y24,AB24:AF24) -> 0
C25: TEXWELD | E25: / | F25: / | L25: / | M25: / | S25: / | T25: / | Z25: / | AA25: / | AG25: / | AH25: / | AI25: =SUM(D25,G25:K25,N25:R25,U25:Y25,AB25:AF25) -> 0
AI26: =SUM(AI18:AI25) -> 95 | AK26: =SUM(AI26,AJ18:AK18) -> 95
B27: September | C27: STIMULATE | E27: K | F27: K | G27: K | I27: / | J27: / | P27: / | Q27: / | W27: / | X27: / | AD27: / | AE27: / | AI27: =SUM(D27:H27,K27:O27,R27:V27,Y27:AC27,AF27:AG27) -> 0 | AJ27: 0 | AK27: 0 | AL27: 15
C28: ENKOS | E28: K | F28: K | G28: K | I28: / | J28: / | P28: / | Q28: / | W28: / | X28: / | AD28: / | AE28: / | AI28: =SUM(D28:H28,K28:O28,R28:V28,Y28:AC28,AF28:AG28) -> 0
B29: 22 Arbeitstage | C29: ESSENCE | E29: K | F29: K | G29: K | I29: / | J29: / | P29: / | Q29: / | W29: / | X29: / | AD29: / | AE29: / | AI29: =SUM(D29:H29,K29:O29,R29:V29,Y29:AC29,AF29:AG29) -> 0
C30: IDLE | E30: K | F30: K | G30: K | I30: / | J30: / | P30: / | Q30: / | W30: / | X30: / | AD30: / | AE30: / | AI30: =SUM(D30:H30,K30:O30,R30:V30,Y30:AC30,AF30:AG30) -> 0
B31: 176 | C31: AREALIGHT | D31: 5 | E31: K | F31: K | G31: K | H31: 5 | I31: / | J31: / | K31: 5 | L31: 5 | M31: 5 | N31: 5 | O31: 5 | P31: / | Q31: / | R31: 5 | S31: 5 | T31: 5 | U31: 5 | V31: 5 | W31: / | X31: / | Y31: 5 | Z31: 5 | AA31: 5 | AB31: 5 | AC31: 5 | AD31: / | AE31: / | AF31: 5 | AG31: 5 | AI31: =SUM(D31:H31,K31:O31,R31:V31,Y31:AC31,AF31:AG31) -> 95
C32: MR ASSIST | E32: K | F32: K | G32: K | I32: / | J32: / | P32: / | Q32: / | W32: / | X32: / | AD32: / | AE32: / | AI32: =SUM(D32:H32,K32:O32,R32:V32,Y32:AC32,AF32:AG32) -> 0
C33: HEATFLUXTEX | E33: K | F33: K | G33: K | I33: / | J33: / | P33: / | Q33: / | W33: / | X33: / | AD33: / | AE33: / | AI33: =SUM(D33:H33,K33:O33,R33:V33,Y33:AC33,AF33:AG33) -> 0
C34: TEXWELD | E34: K | F34: K | G34: K | I34: / | J34: / | P34: / | Q34: / | W34: / | X34: / | AD34: / | AE34: / | AI34: =SUM(D34:H34,K34:O34,R34:V34,Y34:AC34,AF34:AG34) -> 0
AI35: =SUM(AI27:AI34) -> 95 | AM35: =SUM(AI35,AJ27:AL27) -> 110
B36: Oktober | C36: POLYVETEX | F36: F | G36: / | H36: / | N36: / | O36: / | P36: U | Q36: U | R36: U | S36: U | T36: U | U36: / | V36: / | AB36: / | AC36: / | AH36: F | AI36: =SUM(D36:E36,I36:M36,P36:T36,W36:AA36,AD36:AG36) -> 0 | AJ36: 25 | AK36: 10
C37: ENKOS | F37: F | G37: / | H37: / | N37: / | O37: / | P37: U | Q37: U | R37: U | S37: U | T37: U | U37: / | V37: / | AB37: / | AC37: / | AH37: F | AI37: =SUM(D37:E37,I37:M37,P37:T37,W37:AA37,AD37:AG37) -> 0
B38: 21 Arbeitstage | C38: ESSENCE | F38: F | G38: / | H38: / | N38: / | O38: / | P38: U | Q38: U | R38: U | S38: U | T38: U | U38: / | V38: / | AB38: / | AC38: / | AH38: F | AI38: =SUM(D38:E38,I38:M38,P38:T38,W38:AA38,AD38:AG38) -> 0
B39: 2 F | C39: IDLE | F39: F | G39: / | H39: / | N39: / | O39: / | P39: U | Q39: U | R39: U | S39: U | T39: U | U39: / | V39: / | AB39: / | AC39: / | AH39: F | AI39: =SUM(D39:E39,I39:M39,P39:T39,W39:AA39,AD39:AG39) -> 0
B40: 184 | C40: AREALIGHT | D40: 5 | E40: 5 | F40: F | G40: / | H40: / | I40: 5 | J40: 5 | K40: 5 | L40: 5 | M40: 5 | N40: / | O40: / | P40: U | Q40: U | R40: U | S40: U | T40: U | U40: / | V40: / | W40: 5 | X40: 5 | Y40: 5 | Z40: 5 | AA40: 5 | AB40: / | AC40: / | AD40: 5 | AE40: 5 | AF40: 5 | AG40: 5 | AH40: F | AI40: =SUM(D40:E40,I40:M40,P40:T40,W40:AA40,AD40:AG40) -> 80
C41: FLEXTEXIR | F41: F | G41: / | H41: / | N41: / | O41: / | P41: U | Q41: U | R41: U | S41: U | T41: U | U41: / | V41: / | AB41: / | AC41: / | AH41: F | AI41: 0
C42: MR ASSIST | F42: F | G42: / | H42: / | N42: / | O42: / | P42: U | Q42: U | R42: U | S42: U | T42: U | U42: / | V42: / | AB42: / | AC42: / | AH42: F | AI42: =SUM(D42:E42,I42:M42,P42:T42,W42:AA42,AD42:AG42) -> 0
C43: HEATFLUXTEX | D43: 3 | E43: 3 | F43: F | G43: / | H43: / | I43: 3 | J43: 3 | K43: 3 | L43: 3 | M43: 3 | N43: / | O43: / | P43: U | Q43: U | R43: U | S43: U | T43: U | U43: / | V43: / | W43: 3 | X43: 3 | Y43: 3 | Z43: 3 | AA43: 3 | AB43: / | AC43: / | AD43: 3 | AE43: 3 | AF43: 3 | AG43: 3 | AH43: F | AI43: =SUM(D43:E43,I43:M43,P43:T43,W43:AA43,AD43:AG43) -> 48
C44: TEXWELD | F44: F | G44: / | H44: / | N44: / | O44: / | P44: U | Q44: U | R44: U | S44: U | T44: U | U44: / | V44: / | AB44: / | AC44: / | AH44: F | AI44: =SUM(D44:E44,I44:M44,P44:T44,W44:AA44,AD44:AG44) -> 0
AI45: =SUM(AI36:AI44) -> 128 | AM45: =SUM(AI45,AJ36:AL36) -> 163
B46: November | C46: POLYVETEX | D46: / | E46: / | K46: / | L46: / | R46: / | S46: / | Y46: / | Z46: / | AF46: / | AG46: / | AI46: =SUM(F46:J46,M46:Q46,T46:X46,AA46:AE46) -> 0
C47: ENKOS | D47: / | E47: / | K47: / | L47: / | R47: / | S47: / | Y47: / | Z47: / | AF47: / | AG47: / | AI47: =SUM(F47:J47,M47:Q47,T47:X47,AA47:AE47) -> 0
B48: 20 Arbeitstage | C48: ESSENCE | D48: / | E48: / | K48: / | L48: / | R48: / | S48: / | Y48: / | Z48: / | AF48: / | AG48: / | AI48: =SUM(F48:J48,M48:Q48,T48:X48,AA48:AE48) -> 0
C49: IDLE | D49: / | E49: / | K49: / | L49: / | R49: / | S49: / | Y49: / | Z49: / | AF49: / | AG49: / | AI49: =SUM(F49:J49,M49:Q49,T49:X49,AA49:AE49) -> 0
B50: 160 | C50: AREALIGHT | D50: / | E50: / | K50: / | L50: / | R50: / | S50: / | T50: 5 | U50: 5 | V50: 5 | W50: 5 | X50: 5 | Y50: / | Z50: / | AF50: / | AG50: / | AI50: =SUM(F50:J50,M50:Q50,T50:X50,AA50:AE50) -> 25
C51: FLEXTEXIR | D51: / | E51: / | K51: / | L51: / | R51: / | S51: / | Y51: / | Z51: / | AF51: / | AG51: / | AI51: =SUM(F51:J51,M51:Q51,T51:X51,AA51:AE51) -> 0
C52: MR ASSIST | D52: / | E52: / | K52: / | L52: / | R52: / | S52: / | Y52: / | Z52: / | AF52: / | AG52: / | AI52: =SUM(F52:J52,M52:Q52,T52:X52,AA52:AE52) -> 0
C53: HEATFLUXTEX | D53: / | E53: / | F53: 8 | G53: 8 | H53: 8 | I53: 8 | J53: 8 | K53: / | L53: / | M53: 8 | N53: 8 | O53: 8 | P53: 8 | Q53: 8 | R53: / | S53: / | T53: 3 | U53: 3 | V53: 3 | W53: 3 | X53: 3 | Y53: / | Z53: / | AA53: 8 | AB53: 8 | AC53: 8 | AD53: 8 | AE53: 8 | AF53: / | AG53: / | AI53: =SUM(F53:J53,M53:Q53,T53:X53,AA53:AE53) -> 135
C54: TEXWELD | D54: / | E54: / | K54: / | L54: / | R54: / | S54: / | Y54: / | Z54: / | AF54: / | AG54: / | AI54: =SUM(F54:J54,M54:Q54,T54:X54,AA54:AE54) -> 0
AI55: =SUM(AI46:AI54) -> 160 | AK55: =SUM(AI55,AJ46:AK46) -> 160
B56: Dezember | C56: POLYVETEX | I56: / | J56: / | P56: / | Q56: / | W56: / | X56: / | Y56: U | Z56: U | AA56: U | AB56: F | AC56: F | AD56: / | AE56: / | AF56: U | AG56: U | AH56: U | AI56: =SUM(D56:H56,K56:O56,R56:V56) -> 0 | AJ56: 30 | AK56: 10
C57: ENKOS | I57: / | J57: / | P57: / | Q57: / | W57: / | X57: / | Y57: U | Z57: U | AA57: U | AB57: F | AC57: F | AD57: / | AE57: / | AF57: U | AG57: U | AH57: U | AI57: =SUM(D57:H57,K57:O57,R57:V57) -> 0
B58: 15 Arbeitstage | C58: ESSENCE | I58: / | J58: / | P58: / | Q58: / | W58: / | X58: / | Y58: U | Z58: U | AA58: U | AB58: F | AC58: F | AD58: / | AE58: / | AF58: U | AG58: U | AH58: U | AI58: =SUM(D58:H58,K58:O58,R58:V58) -> 0
C59: IDLE | I59: / | J59: / | P59: / | Q59: / | W59: / | X59: / | Y59: U | Z59: U | AA59: U | AB59: F | AC59: F | AD59: / | AE59: / | AF59: U | AG59: U | AH59: U | AI59: =SUM(D59:H59,K59:O59,R59:V59) -> 0
B60: 2 F | C60: AREALIGHT | D60: 5 | E60: 5 | F60: 5 | G60: 5 | H60: 5 | I60: / | J60: / | K60: 5 | L60: 5 | M60: 5 | N60: 5 | O60: 5 | P60: / | Q60: / | R60: 5 | S60: 5 | T60: 5 | U60: 5 | V60: 5 | W60: / | X60: / | Y60: U | Z60: U | AA60: U | AB60: F | AC60: F | AD60: / | AE60: / | AF60: U | AG60: U | AH60: U | AI60: =SUM(D60:H60,K60:O60,R60:V60) -> 75
B61: 6 Betrieburlaub | C61: FLEXTEXIR | I61: / | J61: / | P61: / | Q61: / | W61: / | X61: / | Y61: U | Z61: U | AA61: U | AB61: F | AC61: F | AD61: / | AE61: / | AF61: U | AG61: U | AH61: U | AI61: =SUM(D61:H61,K61:O61,R61:V61) -> 0
C62: MR ASSIST | I62: / | J62: / | P62: / | Q62: / | W62: / | X62: / | Y62: U | Z62: U | AA62: U | AB62: F | AC62: F | AD62: / | AE62: / | AF62: U | AG62: U | AH62: U | AI62: =SUM(D62:H62,K62:O62,R62:V62) -> 0
B63: 120 | C63: HEATFLUXTEX | I63: / | J63: / | P63: / | Q63: / | W63: / | X63: / | Y63: U | Z63: U | AA63: U | AB63: F | AC63: F | AD63: / | AE63: / | AF63: U | AG63: U | AH63: U | AI63: =SUM(D63:H63,K63:O63,R63:V63) -> 0
C64: TEXWELD | I64: / | J64: / | P64: / | Q64: / | W64: / | X64: / | Y64: U | Z64: U | AA64: U | AB64: F | AC64: F | AD64: / | AE64: / | AF64: U | AG64: U | AH64: U | AI64: =SUM(D64:H64,K64:O64,R64:V64) -> 0
AI65: =SUM(AI56:AI64) -> 75 | AM65: =SUM(AI65,AJ56:AM56) -> 115
B66: Juli

Sheet Ron J
A1: Jahr | B1: 2025 | F1: / = Wochenende | AA1: 4 Stunden - 24 Dezember
A2: MA: | B2: Mitarbeiter: | C2: Ron Jacob | F2: U=Urlaub | AA2: 4 Stunden - 31 Dezember
F3: K=Krank
F4: KK=Kindkrank
F5: F=Feiertag
F6: X= freier Tag von Ron (4-Tage-Woche)
D7: Arbeitstag
A8: Monat | B8: Monat | C8: Projekt | D8: 1 | E8: 2 | F8: 3 | G8: 4 | H8: 5 | I8: 6 | J8: 7 | K8: 8 | L8: 9 | M8: 10 | N8: 11 | O8: 12 | P8: 13 | Q8: 14 | R8: 15 | S8: 16 | T8: 17 | U8: 18 | V8: 19 | W8: 20 | X8: 21 | Y8: 22 | Z8: 23 | AA8: 24 | AB8: 25 | AC8: 26 | AD8: 27 | AE8: 28 | AF8: 29 | AG8: 30 | AH8: 31 | AI8: Arbeitsstunden | AJ8: Urlaubstunden | AK8: Feiertag
B9: Juli | C9: STIMULATE | H9: / | I9: / | O9: / | P9: / | V9: / | W9: / | AC9: / | AD9: / | AI9: =SUM(D9:G9,J9:N9,Q9:U9,X9:AB9,AE9:AH9) -> 0 | AJ9: 64 | AK9: 0
C10: ENKOS | H10: / | I10: / | O10: / | P10: / | V10: / | W10: / | AC10: / | AD10: / | AI10: =SUM(D10:G10,J10:N10,Q10:U10,X10:AB10,AE10:AH10) -> 0
B11: 23 Arbeitstage | C11: ESSENCE | H11: / | I11: / | O11: / | P11: / | V11: / | W11: / | AC11: / | AD11: / | AI11: =SUM(D11:G11,J11:N11,Q11:U11,X11:AB11,AE11:AH11) -> 0
C12: IDLE | H12: / | I12: / | O12: / | P12: / | V12: / | W12: / | AC12: / | AD12: / | AI12: =SUM(D12:G12,J12:N12,Q12:U12,X12:AB12,AE12:AH12) -> 0
B13: 184 | C13: AREALIGHT | H13: / | I13: / | O13: / | P13: / | V13: / | W13: / | AC13: / | AD13: / | AI13: =SUM(D13:G13,J13:N13,Q13:U13,X13:AB13,AE13:AH13) -> 0
C14: MR ASSIST | D14: 8 | E14: 8 | F14: X | G14: 8 | H14: / | I14: / | J14: U | K14: U | L14: U | M14: U | N14: X | O14: / | P14: / | Q14: U | R14: U | S14: U | T14: U | U14: X | V14: / | W14: / | X14: 8 | Y14: 8 | Z14: 8 | AA14: 8 | AB14: x | AC14: / | AD14: / | AE14: 8 | AF14: 8 | AG14: 8 | AH14: 8 | AI14: =SUM(D14:G14,J14:N14,Q14:U14,X14:AB14,AE14:AH14) -> 88
C15: HEATFLUXTEX | H15: / | I15: / | O15: / | P15: / | V15: / | W15: / | AC15: / | AD15: / | AI15: =SUM(D15:G15,J15:N15,Q15:U15,X15:AB15,AE15:AH15) -> 0
C16: TEXWELD | H16: / | I16: / | O16: / | P16: / | V16: / | W16: / | AC16: / | AD16: / | AI16: =SUM(D16:G16,J16:N16,Q16:U16,X16:AB16,AE16:AH16) -> 0
AI17: =SUM(AI9:AI16) -> 88 | AK17: =SUM(AI17,AJ9:AK9) -> 152
B18: August | C18: STIMULATE | E18: / | F18: / | L18: / | M18: / | S18: / | T18: / | Z18: / | AA18: / | AG18: / | AH18: / | AI18: =SUM(D18,G18:K18,N18:R18,U18:Y18,AB18:AF18) -> 0 | AJ18: 0 | AK18: 0
C19: ENKOS | E19: / | F19: / | G19: 8 | H19: 8 | I19: 8 | J19: 8 | L19: / | M19: / | N19: 8 | O19: 8 | S19: / | T19: / | Z19: / | AA19: / | AG19: / | AH19: / | AI19: =SUM(D19,G19:K19,N19:R19,U19:Y19,AB19:AF19) -> 48
B20: 21 Arbeitstage | C20: ESSENCE | E20: / | F20: / | L20: / | M20: / | S20: / | T20: / | U20: 8 | V20: 8 | W20: 8 | X20: 8 | Z20: / | AA20: / | AB20: 8 | AC20: 8 | AD20: 8 | AE20: 8 | AG20: / | AH20: / | AI20: =SUM(D20,G20:K20,N20:R20,U20:Y20,AB20:AF20) -> 64
C21: IDLE | E21: / | F21: / | L21: / | M21: / | S21: / | T21: / | Z21: / | AA21: / | AG21: / | AH21: / | AI21: =SUM(D21,G21:K21,N21:R21,U21:Y21,AB21:AF21) -> 0
B22: 168 | C22: AREALIGHT | E22: / | F22: / | L22: / | M22: / | S22: / | T22: / | Z22: / | AA22: / | AG22: / | AH22: / | AI22: =SUM(D22,G22:K22,N22:R22,U22:Y22,AB22:AF22) -> 0
C23: MR ASSIST | D23: x | E23: / | F23: / | K23: x | L23: / | M23: / | P23: 8 | Q23: 8 | R23: x | S23: / | T23: / | Y23: X | Z23: / | AA23: / | AF23: X | AG23: / | AH23: / | AI23: =SUM(D23,G23:K23,N23:R23,U23:Y23,AB23:AF23) -> 16
C24: HEATFLUXTEX | E24: / | F24: / | L24: / | M24: / | S24: / | T24: / | Z24: / | AA24: / | AG24: / | AH24: / | AI24: =SUM(D24,G24:K24,N24:R24,U24:Y24,AB24:AF24) -> 0
C25: TEXWELD | E25: / | F25: / | L25: / | M25: / | S25: / | T25: / | Z25: / | AA25: / | AG25: / | AH25: / | AI25: =SUM(D25,G25:K25,N25:R25,U25:Y25,AB25:AF25) -> 0
AI26: =SUM(AI18:AI25) -> 128 | AK26: =SUM(AI26,AJ18:AK18) -> 128
B27: September | C27: STIMULATE | H27: x | I27: / | J27: / | O27: x | P27: / | Q27: / | V27: x | W27: / | X27: / | AC27: x | AD27: / | AE27: / | AI27: =SUM(D27:H27,K27:O27,R27:V27,Y27:AC27,AF27:AG27) -> 0 | AJ27: 0 | AK27: 0
C28: ENKOS | H28: x | I28: / | J28: / | O28: x | P28: / | Q28: / | V28: x | W28: / | X28: / | AC28: x | AD28: / | AE28: / | AF28: 8 | AG28: 8 | AI28: =SUM(D28:H28,K28:O28,R28:V28,Y28:AC28,AF28:AG28) -> 16
B29: 22 Arbeitstage | C29: ESSENCE | H29: x | I29: / | J29: / | O29: x | P29: / | Q29: / | V29: x | W29: / | X29: / | Y29: 8 | Z29: 8 | AA29: 8 | AB29: 8 | AC29: x | AD29: / | AE29: / | AI29: =SUM(D29:H29,K29:O29,R29:V29,Y29:AC29,AF29:AG29) -> 32
C30: IDLE | H30: x | I30: / | J30: / | O30: x | P30: / | Q30: / | V30: x | W30: / | X30: / | AC30: x | AD30: / | AE30: / | AI30: =SUM(D30:H30,K30:O30,R30:V30,Y30:AC30,AF30:AG30) -> 0
B31: 176 | C31: AREALIGHT | H31: x | I31: / | J31: / | O31: x | P31: / | Q31: / | V31: x | W31: / | X31: / | AC31: x | AD31: / | AE31: / | AI31: =SUM(D31:H31,K31:O31,R31:V31,Y31:AC31,AF31:AG31) -> 0
C32: MR ASSIST | H32: x | I32: / | J32: / | O32: x | P32: / | Q32: / | V32: x | W32: / | X32: / | AC32: x | AD32: / | AE32: / | AI32: =SUM(D32:H32,K32:O32,R32:V32,Y32:AC32,AF32:AG32) -> 0
C33: HEATFLUXTEX | D33: 8 | E33: 8 | F33: 8 | G33: 8 | H33: x | I33: / | J33: / | K33: 8 | L33: 8 | M33: 8 | N33: 8 | O33: x | P33: / | Q33: / | R33: 8 | S33: 8 | T33: 8 | U33: 8 | V33: x | W33: / | X33: / | AC33: x | AD33: / | AE33: / | AI33: =SUM(D33:H33,K33:O33,R33:V33,Y33:AC33,AF33:AG33) -> 96
C34: TEXWELD | H34: x | I34: / | J34: / | O34: x | P34: / | Q34: / | V34: x | W34: / | X34: / | AC34: x | AD34: / | AE34: / | AI34: =SUM(D34:H34,K34:O34,R34:V34,Y34:AC34,AF34:AG34) -> 0
AI35: =SUM(AI27:AI34) -> 144 | AK35: =SUM(AI35,AJ27:AK27) -> 144
B36: Oktober | C36: POLYVETEX | F36: F | G36: / | H36: / | I36: U | J36: U | K36: U | L36: U | M36: x | N36: / | O36: / | T36: x | U36: / | V36: / | AA36: x | AB36: / | AC36: / | AH36: F | AI36: =SUM(D36:E36,I36:M36,P36:T36,W36:AA36,AD36:AG36) -> 0 | AJ36: 32 | AK36: 16
C37: ENKOS | F37: F | G37: / | H37: / | I37: U | J37: U | K37: U | L37: U | M37: x | N37: / | O37: / | T37: x | U37: / | V37: / | AA37: x | AB37: / | AC37: / | AH37: F | AI37: =SUM(D37:E37,I37:M37,P37:T37,W37:AA37,AD37:AG37) -> 0
B38: 22 Arbeitstage | C38: ESSENCE | F38: F | G38: / | H38: / | I38: U | J38: U | K38: U | L38: U | M38: x | N38: / | O38: / | T38: x | U38: / | V38: / | AA38: x | AB38: / | AC38: / | AH38: F | AI38: =SUM(D38:E38,I38:M38,P38:T38,W38:AA38,AD38:AG38) -> 0
B39: 2 F | C39: IDLE | F39: F | G39: / | H39: / | I39: U | J39: U | K39: U | L39: U | M39: x | N39: / | O39: / | T39: x | U39: / | V39: / | AA39: x | AB39: / | AC39: / | AH39: F | AI39: =SUM(D39:E39,I39:M39,P39:T39,W39:AA39,AD39:AG39) -> 0
B40: 184 | C40: AREALIGHT | F40: F | G40: / | H40: / | I40: U | J40: U | K40: U | L40: U | M40: x | N40: / | O40: / | T40: x | U40: / | V40: / | AA40: x | AB40: / | AC40: / | AH40: F | AI40: =SUM(D40:E40,I40:M40,P40:T40,W40:AA40,AD40:AG40) -> 0
C41: FLEXTEXIR | F41: F | G41: / | H41: / | I41: U | J41: U | K41: U | L41: U | M41: x | N41: / | O41: / | T41: x | U41: / | V41: / | AA41: x | AB41: / | AC41: / | AH41: F | AI41: 0
C42: MR ASSIST | F42: F | G42: / | H42: / | I42: U | J42: U | K42: U | L42: U | M42: x | N42: / | O42: / | T42: x | U42: / | V42: / | AA42: x | AB42: / | AC42: / | AH42: F | AI42: =SUM(D42:E42,I42:M42,P42:T42,W42:AA42,AD42:AG42) -> 0
C43: HEATFLUXTEX | D43: 8 | E43: 8 | F43: F | G43: / | H43: / | I43: U | J43: U | K43: U | L43: U | M43: x | N43: / | O43: / | P43: 8 | Q43: 8 | R43: 8 | S43: 8 | T43: x | U43: / | V43: / | W43: 8 | X43: 8 | Y43: 8 | Z43: 8 | AA43: x | AB43: / | AC43: / | AD43: 8 | AE43: 8 | AF43: 8 | AG43: 8 | AH43: F | AI43: =SUM(D43:E43,I43:M43,P43:T43,W43:AA43,AD43:AG43) -> 112
C44: TEXWELD | F44: F | G44: / | H44: / | I44: U | J44: U | K44: U | L44: U | M44: x | N44: / | O44: / | T44: x | U44: / | V44: / | AA44: x | AB44: / | AC44: / | AH44: F | AI44: =SUM(D44:E44,I44:M44,P44:T44,W44:AA44,AD44:AG44) -> 0
AI45: =SUM(AI36:AI44) -> 112 | AK45: =SUM(AI45,AJ36:AK36) -> 160
B46: November | C46: POLYVETEX | D46: / | E46: / | J46: x | K46: / | L46: / | Q46: x | R46: / | S46: / | X46: x | Y46: / | Z46: / | AE46: x | AF46: / | AG46: / | AI46: =SUM(F46:J46,M46:Q46,T46:X46,AA46:AE46) -> 0
C47: ENKOS | D47: / | E47: / | J47: x | K47: / | L47: / | Q47: x | R47: / | S47: / | X47: x | Y47: / | Z47: / | AE47: x | AF47: / | AG47: / | AI47: =SUM(F47:J47,M47:Q47,T47:X47,AA47:AE47) -> 0
B48: 20 Arbeitstage | C48: ESSENCE | D48: / | E48: / | J48: x | K48: / | L48: / | M48: 8 | N48: 8 | Q48: x | R48: / | S48: / | T48: 8 | U48: 8 | X48: x | Y48: / | Z48: / | AE48: x | AF48: / | AG48: / | AI48: =SUM(F48:J48,M48:Q48,T48:X48,AA48:AE48) -> 32
C49: IDLE | D49: / | E49: / | J49: x | K49: / | L49: / | Q49: x | R49: / | S49: / | X49: x | Y49: / | Z49: / | AE49: x | AF49: / | AG49: / | AI49: =SUM(F49:J49,M49:Q49,T49:X49,AA49:AE49) -> 0
B50: 160 | C50: AREALIGHT | D50: / | E50: / | J50: x | K50: / | L50: / | Q50: x | R50: / | S50: / | X50: x | Y50: / | Z50: / | AE50: x | AF50: / | AG50: / | AI50: =SUM(F50:J50,M50:Q50,T50:X50,AA50:AE50) -> 0
C51: FLEXTEXIR | D51: / | E51: / | J51: x | K51: / | L51: / | Q51: x | R51: / | S51: / | X51: x | Y51: / | Z51: / | AE51: x | AF51: / | AG51: / | AI51: =SUM(F51:J51,M51:Q51,T51:X51,AA51:AE51) -> 0
C52: MR ASSIST | D52: / | E52: / | J52: x | K52: / | L52: / | Q52: x | R52: / | S52: / | X52: x | Y52: / | Z52: / | AE52: x | AF52: / | AG52: / | AI52: =SUM(F52:J52,M52:Q52,T52:X52,AA52:AE52) -> 0
C53: HEATFLUXTEX | D53: / | E53: / | F53: 8 | G53: 8 | H53: 8 | I53: 8 | J53: x | K53: / | L53: / | O53: 8 | P53: 8 | Q53: x | R53: / | S53: / | V53: 8 | W53: 8 | X53: x | Y53: / | Z53: / | AA53: 8 | AB53: 8 | AC53: 8 | AD53: 8 | AE53: x | AF53: / | AG53: / | AI53: =SUM(F53:J53,M53:Q53,T53:X53,AA53:AE53) -> 96
C54: TEXWELD | D54: / | E54: / | J54: x | K54: / | L54: / | Q54: x | R54: / | S54: / | X54: x | Y54: / | Z54: / | AE54: x | AF54: / | AG54: / | AI54: =SUM(F54:J54,M54:Q54,T54:X54,AA54:AE54) -> 0
AI55: =SUM(AI46:AI54) -> 128 | AK55: =SUM(AI55,AJ46:AK46) -> 128
B56: Dezember | C56: POLYVETEX | H56: x | I56: / | J56: / | O56: x | P56: / | Q56: / | V56: x | W56: / | X56: / | Y56: U | Z56: U | AA56: U | AB56: F | AC56: F | AD56: / | AE56: / | AF56: U | AG56: U | AH56: U | AI56: =SUM(D56:H56,K56:O56,R56:V56) -> 0 | AJ56: 48 | AK56: 16
C57: ENKOS | H57: x | I57: / | J57: / | O57: x | P57: / | Q57: / | R57: 8 | S57: 8 | T57: 8 | U57: 8 | V57: x | W57: / | X57: / | Y57: U | Z57: U | AA57: U | AB57: F | AC57: F | AD57: / | AE57: / | AF57: U | AG57: U | AH57: U | AI57: =SUM(D57:H57,K57:O57,R57:V57) -> 32
B58: 15 Arbeitstage | C58: ESSENCE | H58: x | I58: / | J58: / | K58: 8 | L58: 8 | M58: 8 | N58: 8 | O58: x | P58: / | Q58: / | V58: x | W58: / | X58: / | Y58: U | Z58: U | AA58: U | AB58: F | AC58: F | AD58: / | AE58: / | AF58: U | AG58: U | AH58: U | AI58: =SUM(D58:H58,K58:O58,R58:V58) -> 32
C59: IDLE | H59: x | I59: / | J59: / | O59: x | P59: / | Q59: / | V59: x | W59: / | X59: / | Y59: U | Z59: U | AA59: U | AB59: F | AC59: F | AD59: / | AE59: / | AF59: U | AG59: U | AH59: U | AI59: =SUM(D59:H59,K59:O59,R59:V59) -> 0
B60: 2 F | C60: AREALIGHT | H60: x | I60: / | J60: / | O60: x | P60: / | Q60: / | V60: x | W60: / | X60: / | Y60: U | Z60: U | AA60: U | AB60: F | AC60: F | AD60: / | AE60: / | AF60: U | AG60: U | AH60: U | AI60: =SUM(D60:H60,K60:O60,R60:V60) -> 0
B61: 6 Betrieburlaub | C61: FLEXTEXIR | H61: x | I61: / | J61: / | O61: x | P61: / | Q61: / | V61: x | W61: / | X61: / | Y61: U | Z61: U | AA61: U | AB61: F | AC61: F | AD61: / | AE61: / | AF61: U | AG61: U | AH61: U | AI61: =SUM(D61:H61,K61:O61,R61:V61) -> 0
C62: MR ASSIST | D62: 8 | E62: 8 | F62: 8 | G62: 8 | H62: x | I62: / | J62: / | O62: x | P62: / | Q62: / | V62: x | W62: / | X62: / | Y62: U | Z62: U | AA62: U | AB62: F | AC62: F | AD62: / | AE62: / | AF62: U | AG62: U | AH62: U | AI62: =SUM(D62:H62,K62:O62,R62:V62) -> 32
B63: 120 | C63: HEATFLUXTEX | H63: x | I63: / | J63: / | O63: x | P63: / | Q63: / | V63: x | W63: / | X63: / | Y63: U | Z63: U | AA63: U | AB63: F | AC63: F | AD63: / | AE63: / | AF63: U | AG63: U | AH63: U | AI63: =SUM(D63:H63,K63:O63,R63:V63) -> 0
C64: TEXWELD | H64: x | I64: / | J64: / | O64: x | P64: / | Q64: / | V64: x | W64: / | X64: / | Y64: U | Z64: U | AA64: U | AB64: F | AC64: F | AD64: / | AE64: / | AF64: U | AG64: U | AH64: U | AI64: =SUM(D64:H64,K64:O64,R64:V64) -> 0
AI65: =SUM(AI56:AI64) -> 96 | AK65: =SUM(AI65,AJ56:AK56) -> 160
B66: Juli

Sheet Lucas H
A1: Jahr | B1: 2025 | F1: / = Wochenende | AA1: 4 Stunden - 24 Dezember
A2: MA: | B2: Mitarbeiter: | C2: Lucas Hauser | F2: U=Urlaub | AA2: 4 Stunden - 31 Dezember
F3: K=Krank
F4: KK=Kindkrank
F5: F=Feiertag
D7: Arbeitstag
A8: Monat | B8: Monat | C8: Projekt | D8: 1 | E8: 2 | F8: 3 | G8: 4 | H8: 5 | I8: 6 | J8: 7 | K8: 8 | L8: 9 | M8: 10 | N8: 11 | O8: 12 | P8: 13 | Q8: 14 | R8: 15 | S8: 16 | T8: 17 | U8: 18 | V8: 19 | W8: 20 | X8: 21 | Y8: 22 | Z8: 23 | AA8: 24 | AB8: 25 | AC8: 26 | AD8: 27 | AE8: 28 | AF8: 29 | AG8: 30 | AH8: 31 | AI8: Arbeitsstunden | AJ8: Urlaubstunden | AK8: Feiertag
B9: Juli | C9: STIMULATE | H9: / | I9: / | O9: / | P9: / | V9: / | W9: / | AC9: / | AD9: / | AI9: =SUM(D9:G9,J9:N9,Q9:U9,X9:AB9,AE9:AH9) -> 0 | AJ9: 0 | AK9: 0
C10: ENKOS | H10: / | I10: / | O10: / | P10: / | V10: / | W10: / | AC10: / | AD10: / | AI10: =SUM(D10:G10,J10:N10,Q10:U10,X10:AB10,AE10:AH10) -> 0
B11: 23 Arbeitstage | C11: ESSENCE | H11: / | I11: / | O11: / | P11: / | S11: 8 | T11: 8 | U11: 8 | V11: / | W11: / | X11: 8 | Y11: 8 | Z11: 8 | AA11: 8 | AB11: 8 | AC11: / | AD11: / | AE11: 8 | AF11: 8 | AG11: 8 | AH11: 8 | AI11: =SUM(D11:G11,J11:N11,Q11:U11,X11:AB11,AE11:AH11) -> 96
C12: IDLE | H12: / | I12: / | O12: / | P12: / | V12: / | W12: / | AC12: / | AD12: / | AI12: =SUM(D12:G12,J12:N12,Q12:U12,X12:AB12,AE12:AH12) -> 0
B13: 184 | C13: AREALIGHT | D13: 8 | E13: 8 | F13: 8 | G13: 8 | H13: / | I13: / | J13: 8 | K13: 8 | L13: 8 | M13: 8 | N13: U | O13: / | P13: / | Q13: 8 | R13: 8 | V13: / | W13: / | AC13: / | AD13: / | AI13: =SUM(D13:G13,J13:N13,Q13:U13,X13:AB13,AE13:AH13) -> 80
C14: MR ASSIST | H14: / | I14: / | O14: / | P14: / | V14: / | W14: / | AC14: / | AD14: / | AI14: =SUM(D14:G14,J14:N14,Q14:U14,X14:AB14,AE14:AH14) -> 0
C15: HEATFLUXTEX | H15: / | I15: / | O15: / | P15: / | V15: / | W15: / | AC15: / | AD15: / | AI15: =SUM(D15:G15,J15:N15,Q15:U15,X15:AB15,AE15:AH15) -> 0
C16: TEXWELD | H16: / | I16: / | O16: / | P16: / | V16: / | W16: / | AC16: / | AD16: / | AI16: =SUM(D16:G16,J16:N16,Q16:U16,X16:AB16,AE16:AH16) -> 0
AI17: =SUM(AI9:AI16) -> 176 | AK17: =SUM(AI17,AJ9:AK9) -> 176
B18: August | C18: STIMULATE | E18: / | F18: / | L18: / | M18: / | S18: / | T18: / | Z18: / | AA18: / | AG18: / | AH18: / | AI18: =SUM(D18,G18:K18,N18:R18,U18:Y18,AB18:AF18) -> 0 | AJ18: 0 | AK18: 0
C19: ENKOS | E19: / | F19: / | L19: / | M19: / | R19: 8 | S19: / | T19: / | U19: 8 | V19: 8 | W19: 8 | X19: 8 | Z19: / | AA19: / | AG19: / | AH19: / | AI19: =SUM(D19,G19:K19,N19:R19,U19:Y19,AB19:AF19) -> 40
B20: 21 Arbeitstage | C20: ESSENCE | E20: / | F20: / | L20: / | M20: / | S20: / | T20: / | Z20: / | AA20: / | AB20: 8 | AC20: 8 | AD20: 8 | AE20: 8 | AF20: 8 | AG20: / | AH20: / | AI20: =SUM(D20,G20:K20,N20:R20,U20:Y20,AB20:AF20) -> 40
C21: IDLE | E21: / | F21: / | L21: / | M21: / | S21: / | T21: / | Z21: / | AA21: / | AG21: / | AH21: / | AI21: =SUM(D21,G21:K21,N21:R21,U21:Y21,AB21:AF21) -> 0
B22: 168 | C22: AREALIGHT | D22: 8 | E22: / | F22: / | G22: 8 | H22: 8 | I22: 8 | J22: 8 | K22: 8 | L22: / | M22: / | N22: 8 | O22: 8 | P22: 8 | Q22: 8 | S22: / | T22: / | Y22: U | Z22: / | AA22: / | AG22: / | AH22: / | AI22: =SUM(D22,G22:K22,N22:R22,U22:Y22,AB22:AF22) -> 80
C23: MR ASSIST | E23: / | F23: / | L23: / | M23: / | S23: / | T23: / | Z23: / | AA23: / | AG23: / | AH23: / | AI23: =SUM(D23,G23:K23,N23:R23,U23:Y23,AB23:AF23) -> 0
C24: HEATFLUXTEX | E24: / | F24: / | L24: / | M24: / | S24: / | T24: / | Z24: / | AA24: / | AG24: / | AH24: / | AI24: =SUM(D24,G24:K24,N24:R24,U24:Y24,AB24:AF24) -> 0
C25: TEXWELD | E25: / | F25: / | L25: / | M25: / | S25: / | T25: / | Z25: / | AA25: / | AG25: / | AH25: / | AI25: =SUM(D25,G25:K25,N25:R25,U25:Y25,AB25:AF25) -> 0
AI26: =SUM(AI18:AI25) -> 160 | AK26: =SUM(AI26,AJ18:AK18) -> 160
B27: September | C27: STIMULATE | I27: / | J27: / | P27: / | Q27: / | V27: U | W27: / | X27: / | Y27: U | Z27: U | AA27: U | AB27: U | AC27: U | AD27: / | AE27: / | AI27: =SUM(D27:H27,K27:O27,R27:V27,Y27:AC27,AF27:AG27) -> 0 | AJ27: 48 | AK27: 0
C28: ENKOS | I28: / | J28: / | P28: / | Q28: / | R28: 8 | S28: 8 | T28: 8 | U28: 8 | V28: U | W28: / | X28: / | Y28: U | Z28: U | AA28: U | AB28: U | AC28: U | AD28: / | AE28: / | AF28: 8 | AG28: 8 | AI28: =SUM(D28:H28,K28:O28,R28:V28,Y28:AC28,AF28:AG28) -> 48
B29: 22 Arbeitstage | C29: ESSENCE | D29: 8 | E29: 8 | F29: 8 | G29: 8 | H29: 8 | I29: / | J29: / | K29: 8 | L29: 8 | P29: / | Q29: / | V29: U | W29: / | X29: / | Y29: U | Z29: U | AA29: U | AB29: U | AC29: U | AD29: / | AE29: / | AI29: =SUM(D29:H29,K29:O29,R29:V29,Y29:AC29,AF29:AG29) -> 56
C30: IDLE | I30: / | J30: / | P30: / | Q30: / | V30: U | W30: / | X30: / | Y30: U | Z30: U | AA30: U | AB30: U | AC30: U | AD30: / | AE30: / | AI30: =SUM(D30:H30,K30:O30,R30:V30,Y30:AC30,AF30:AG30) -> 0
B31: 176 | C31: AREALIGHT | I31: / | J31: / | P31: / | Q31: / | V31: U | W31: / | X31: / | Y31: U | Z31: U | AA31: U | AB31: U | AC31: U | AD31: / | AE31: / | AI31: =SUM(D31:H31,K31:O31,R31:V31,Y31:AC31,AF31:AG31) -> 0
C32: MR ASSIST | I32: / | J32: / | M32: 8 | N32: 8 | O32: 8 | P32: / | Q32: / | V32: U | W32: / | X32: / | Y32: U | Z32: U | AA32: U | AB32: U | AC32: U | AD32: / | AE32: / | AI32: =SUM(D32:H32,K32:O32,R32:V32,Y32:AC32,AF32:AG32) -> 24
C33: HEATFLUXTEX | I33: / | J33: / | P33: / | Q33: / | V33: U | W33: / | X33: / | Y33: U | Z33: U | AA33: U | AB33: U | AC33: U | AD33: / | AE33: / | AI33: =SUM(D33:H33,K33:O33,R33:V33,Y33:AC33,AF33:AG33) -> 0
C34: TEXWELD | I34: / | J34: / | P34: / | Q34: / | V34: U | W34: / | X34: / | Y34: U | Z34: U | AA34: U | AB34: U | AC34: U | AD34: / | AE34: / | AI34: =SUM(D34:H34,K34:O34,R34:V34,Y34:AC34,AF34:AG34) -> 0
AI35: =SUM(AI27:AI34) -> 128 | AK35: =SUM(AI35,AJ27:AK27) -> 176
B36: Oktober | C36: POLYVETEX | F36: F | G36: / | H36: / | N36: / | O36: / | U36: / | V36: / | AB36: / | AC36: / | AH36: F | AI36: =SUM(D36:E36,I36:M36,P36:T36,W36:AA36,AD36:AG36) -> 0 | AK36: 16
C37: ENKOS | F37: F | G37: / | H37: / | N37: / | O37: / | P37: 8 | Q37: 8 | R37: 8 | S37: 8 | T37: 8 | U37: / | V37: / | AB37: / | AC37: / | AD37: 8 | AE37: 8 | AF37: 8 | AG37: 8 | AH37: F | AI37: =SUM(D37:E37,I37:M37,P37:T37,W37:AA37,AD37:AG37) -> 72
B38: 22 Arbeitstage | C38: ESSENCE | D38: 8 | E38: 8 | F38: F | G38: / | H38: / | I38: 8 | J38: 8 | K38: 8 | L38: 8 | M38: 8 | N38: / | O38: / | U38: / | V38: / | AB38: / | AC38: / | AH38: F | AI38: =SUM(D38:E38,I38:M38,P38:T38,W38:AA38,AD38:AG38) -> 56
B39: 2 F | C39: IDLE | F39: F | G39: / | H39: / | N39: / | O39: / | U39: / | V39: / | AB39: / | AC39: / | AH39: F | AI39: =SUM(D39:E39,I39:M39,P39:T39,W39:AA39,AD39:AG39) -> 0
B40: 184 | C40: AREALIGHT | F40: F | G40: / | H40: / | N40: / | O40: / | U40: / | V40: / | W40: 8 | X40: 8 | Y40: 8 | Z40: 8 | AA40: 8 | AB40: / | AC40: / | AH40: F | AI40: =SUM(D40:E40,I40:M40,P40:T40,W40:AA40,AD40:AG40) -> 40
C41: FLEXTEXIR | F41: F | G41: / | H41: / | N41: / | O41: / | U41: / | V41: / | AB41: / | AC41: / | AH41: F | AI41: 0
C42: MR ASSIST | F42: F | G42: / | H42: / | N42: / | O42: / | U42: / | V42: / | AB42: / | AC42: / | AH42: F | AI42: =SUM(D42:E42,I42:M42,P42:T42,W42:AA42,AD42:AG42) -> 0
C43: HEATFLUXTEX | F43: F | G43: / | H43: / | N43: / | O43: / | U43: / | V43: / | AB43: / | AC43: / | AH43: F | AI43: =SUM(D43:E43,I43:M43,P43:T43,W43:AA43,AD43:AG43) -> 0
C44: TEXWELD | F44: F | G44: / | H44: / | N44: / | O44: / | U44: / | V44: / | AB44: / | AC44: / | AH44: F | AI44: =SUM(D44:E44,I44:M44,P44:T44,W44:AA44,AD44:AG44) -> 0
AI45: =SUM(AI36:AI44) -> 168 | AK45: =SUM(AI45,AJ36:AK36) -> 184
B46: November | C46: POLYVETEX | D46: / | E46: / | K46: / | L46: / | R46: / | S46: / | Y46: / | Z46: / | AF46: / | AG46: / | AI46: =SUM(F46:J46,M46:Q46,T46:X46,AA46:AE46) -> 0
C47: ENKOS | D47: / | E47: / | K47: / | L47: / | R47: / | S47: / | Y47: / | Z47: / | AA47: 8 | AB47: 8 | AC47: 8 | AD47: 8 | AE47: 8 | AF47: / | AG47: / | AI47: =SUM(F47:J47,M47:Q47,T47:X47,AA47:AE47) -> 40
B48: 20 Arbeitstage | C48: ESSENCE | D48: / | E48: / | F48: 8 | G48: 8 | H48: 8 | I48: 8 | J48: 8 | K48: / | L48: / | M48: 8 | N48: 8 | O48: 8 | P48: 8 | Q48: 8 | R48: / | S48: / | Y48: / | Z48: / | AF48: / | AG48: / | AI48: =SUM(F48:J48,M48:Q48,T48:X48,AA48:AE48) -> 80
C49: IDLE | D49: / | E49: / | K49: / | L49: / | R49: / | S49: / | Y49: / | Z49: / | AF49: / | AG49: / | AI49: =SUM(F49:J49,M49:Q49,T49:X49,AA49:AE49) -> 0
B50: 160 | C50: AREALIGHT | D50: / | E50: / | K50: / | L50: / | R50: / | S50: / | T50: 8 | U50: 8 | V50: 8 | W50: 8 | X50: 8 | Y50: / | Z50: / | AF50: / | AG50: / | AI50: =SUM(F50:J50,M50:Q50,T50:X50,AA50:AE50) -> 40
C51: FLEXTEXIR | D51: / | E51: / | K51: / | L51: / | R51: / | S51: / | Y51: / | Z51: / | AF51: / | AG51: / | AI51: =SUM(F51:J51,M51:Q51,T51:X51,AA51:AE51) -> 0
C52: MR ASSIST | D52: / | E52: / | K52: / | L52: / | R52: / | S52: / | Y52: / | Z52: / | AF52: / | AG52: / | AI52: =SUM(F52:J52,M52:Q52,T52:X52,AA52:AE52) -> 0
C53: HEATFLUXTEX | D53: / | E53: / | K53: / | L53: / | R53: / | S53: / | Y53: / | Z53: / | AF53: / | AG53: / | AI53: =SUM(F53:J53,M53:Q53,T53:X53,AA53:AE53) -> 0
C54: TEXWELD | D54: / | E54: / | K54: / | L54: / | R54: / | S54: / | Y54: / | Z54: / | AF54: / | AG54: / | AI54: =SUM(F54:J54,M54:Q54,T54:X54,AA54:AE54) -> 0
AI55: =SUM(AI46:AI54) -> 160 | AK55: =SUM(AI55,AJ46:AK46) -> 160
B56: Dezember | C56: POLYVETEX | I56: / | J56: / | P56: / | Q56: / | W56: / | X56: / | Y56: U | Z56: U | AA56: U | AB56: F | AC56: F | AD56: / | AE56: / | AF56: U | AG56: U | AH56: U | AI56: =SUM(D56:H56,K56:O56,R56:V56) -> 0 | AJ56: 0 | AK56: 0
C57: ENKOS | D57: 8 | E57: 8 | F57: 8 | G57: 8 | H57: 8 | I57: / | J57: / | P57: / | Q57: / | W57: / | X57: / | Y57: U | Z57: U | AA57: U | AB57: F | AC57: F | AD57: / | AE57: / | AF57: U | AG57: U | AH57: U | AI57: =SUM(D57:H57,K57:O57,R57:V57) -> 40
B58: 15 Arbeitstage | C58: ESSENCE | I58: / | J58: / | K58: 8 | L58: 8 | M58: 8 | N58: 8 | O58: 8 | P58: / | Q58: / | W58: / | X58: / | Y58: U | Z58: U | AA58: U | AB58: F | AC58: F | AD58: / | AE58: / | AF58: U | AG58: U | AH58: U | AI58: =SUM(D58:H58,K58:O58,R58:V58) -> 40
C59: IDLE | I59: / | J59: / | P59: / | Q59: / | W59: / | X59: / | Y59: U | Z59: U | AA59: U | AB59: F | AC59: F | AD59: / | AE59: / | AF59: U | AG59: U | AH59: U | AI59: =SUM(D59:H59,K59:O59,R59:V59) -> 0
B60: 2 F | C60: AREALIGHT | I60: / | J60: / | P60: / | Q60: / | R60: 8 | S60: 8 | T60: 8 | U60: 8 | V60: 8 | W60: / | X60: / | Y60: U | Z60: U | AA60: U | AB60: F | AC60: F | AD60: / | AE60: / | AF60: U | AG60: U | AH60: U | AI60: =SUM(D60:H60,K60:O60,R60:V60) -> 40
B61: 6 Betrieburlaub | C61: FLEXTEXIR | I61: / | J61: / | P61: / | Q61: / | W61: / | X61: / | Y61: U | Z61: U | AA61: U | AB61: F | AC61: F | AD61: / | AE61: / | AF61: U | AG61: U | AH61: U | AI61: =SUM(D61:H61,K61:O61,R61:V61) -> 0
C62: MR ASSIST | I62: / | J62: / | P62: / | Q62: / | W62: / | X62: / | Y62: U | Z62: U | AA62: U | AB62: F | AC62: F | AD62: / | AE62: / | AF62: U | AG62: U | AH62: U | AI62: =SUM(D62:H62,K62:O62,R62:V62) -> 0
B63: 120 | C63: HEATFLUXTEX | I63: / | J63: / | P63: / | Q63: / | W63: / | X63: / | Y63: U | Z63: U | AA63: U | AB63: F | AC63: F | AD63: / | AE63: / | AF63: U | AG63: U | AH63: U | AI63: =SUM(D63:H63,K63:O63,R63:V63) -> 0
C64: TEXWELD | I64: / | J64: / | P64: / | Q64: / | W64: / | X64: / | Y64: U | Z64: U | AA64: U | AB64: F | AC64: F | AD64: / | AE64: / | AF64: U | AG64: U | AH64: U | AI64: =SUM(D64:H64,K64:O64,R64:V64) -> 0
AI65: =SUM(AI56:AI64) -> 120 | AK65: =SUM(AI65,AJ56:AK56) -> 120

Sheet Mayuresh P
A1: Jahr | B1: 2025 | F1: / = Wochenende | AA1: 4 Stunden - 24 Dezember
A2: MA: | B2: Mitarbeiter: | C2: Thomas Juhlemann | F2: U=Urlaub | AA2: 4 Stunden - 31 Dezember
F3: K=Krank
F4: KK=Kindkrank
F5: F=Feiertag
D7: Arbeitstag
A8: Monat | B8: Monat | C8: Projekt | D8: 1 | E8: 2 | F8: 3 | G8: 4 | H8: 5 | I8: 6 | J8: 7 | K8: 8 | L8: 9 | M8: 10 | N8: 11 | O8: 12 | P8: 13 | Q8: 14 | R8: 15 | S8: 16 | T8: 17 | U8: 18 | V8: 19 | W8: 20 | X8: 21 | Y8: 22 | Z8: 23 | AA8: 24 | AB8: 25 | AC8: 26 | AD8: 27 | AE8: 28 | AF8: 29 | AG8: 30 | AH8: 31 | AI8: Arbeitsstunden | AJ8: Urlaubstunden | AK8: Feiertag
B9: Juli | C9: STIMULATE | H9: / | I9: / | O9: / | P9: / | V9: / | W9: / | AC9: / | AD9: / | AI9: =SUM(D9:G9,J9:N9,Q9:U9,X9:AB9,AE9:AH9) -> 0 | AJ9: 0 | AK9: 0
C10: ENKOS | H10: / | I10: / | O10: / | P10: / | V10: / | W10: / | AC10: / | AD10: / | AI10: =SUM(D10:G10,J10:N10,Q10:U10,X10:AB10,AE10:AH10) -> 0
B11: 23 Arbeitstage | C11: ESSENCE | H11: / | I11: / | O11: / | P11: / | V11: / | W11: / | AC11: / | AD11: / | AI11: =SUM(D11:G11,J11:N11,Q11:U11,X11:AB11,AE11:AH11) -> 0
C12: IDLE | H12: / | I12: / | O12: / | P12: / | V12: / | W12: / | AC12: / | AD12: / | AI12: =SUM(D12:G12,J12:N12,Q12:U12,X12:AB12,AE12:AH12) -> 0
B13: 184 | C13: AREALIGHT | H13: / | I13: / | O13: / | P13: / | V13: / | W13: / | AC13: / | AD13: / | AI13: =SUM(D13:G13,J13:N13,Q13:U13,X13:AB13,AE13:AH13) -> 0
C14: MR ASSIST | H14: / | I14: / | O14: / | P14: / | V14: / | W14: / | AC14: / | AD14: / | AI14: =SUM(D14:G14,J14:N14,Q14:U14,X14:AB14,AE14:AH14) -> 0
C15: HEATFLUXTEX | H15: / | I15: / | O15: / | P15: / | V15: / | W15: / | AC15: / | AD15: / | AI15: =SUM(D15:G15,J15:N15,Q15:U15,X15:AB15,AE15:AH15) -> 0
C16: TEXWELD | D16: 8 | E16: 8 | F16: 8 | G16: 8 | H16: / | I16: / | J16: 8 | K16: 8 | L16: 8 | M16: 8 | N16: 8 | O16: / | P16: / | Q16: U | R16: U | S16: U | T16: U | U16: U | V16: / | W16: / | X16: U | Y16: U | Z16: U | AA16: U | AB16: U | AC16: / | AD16: / | AE16: 8 | AF16: 8 | AG16: 8 | AH16: 8 | AI16: =SUM(D16:G16,J16:N16,Q16:U16,X16:AB16,AE16:AH16) -> 104
AI17: =SUM(AI9:AI16) -> 104 | AK17: =SUM(AI17,AJ9:AK9) -> 104
B18: August | C18: STIMULATE | E18: / | F18: / | L18: / | M18: / | S18: / | T18: / | Z18: / | AA18: / | AG18: / | AH18: / | AI18: =SUM(D18,G18:K18,N18:R18,U18:Y18,AB18:AF18) -> 0 | AJ18: 0 | AK18: 0
C19: ENKOS | E19: / | F19: / | L19: / | M19: / | S19: / | T19: / | Z19: / | AA19: / | AG19: / | AH19: / | AI19: =SUM(D19,G19:K19,N19:R19,U19:Y19,AB19:AF19) -> 0
B20: 21 Arbeitstage | C20: ESSENCE | E20: / | F20: / | L20: / | M20: / | S20: / | T20: / | Z20: / | AA20: / | AG20: / | AH20: / | AI20: =SUM(D20,G20:K20,N20:R20,U20:Y20,AB20:AF20) -> 0
C21: IDLE | E21: / | F21: / | L21: / | M21: / | S21: / | T21: / | Z21: / | AA21: / | AG21: / | AH21: / | AI21: =SUM(D21,G21:K21,N21:R21,U21:Y21,AB21:AF21) -> 0
B22: 168 | C22: AREALIGHT | E22: / | F22: / | L22: / | M22: / | S22: / | T22: / | Z22: / | AA22: / | AG22: / | AH22: / | AI22: =SUM(D22,G22:K22,N22:R22,U22:Y22,AB22:AF22) -> 0
C23: MR ASSIST | E23: / | F23: / | L23: / | M23: / | S23: / | T23: / | Z23: / | AA23: / | AG23: / | AH23: / | AI23: =SUM(D23,G23:K23,N23:R23,U23:Y23,AB23:AF23) -> 0
C24: HEATFLUXTEX | E24: / | F24: / | L24: / | M24: / | S24: / | T24: / | Z24: / | AA24: / | AG24: / | AH24: / | AI24: =SUM(D24,G24:K24,N24:R24,U24:Y24,AB24:AF24) -> 0
C25: TEXWELD | D25: 8 | E25: / | F25: / | G25: 8 | H25: 8 | I25: 8 | J25: 8 | K25: 8 | L25: / | M25: / | N25: 8 | O25: 8 | P25: 8 | Q25: 8 | R25: 8 | S25: / | T25: / | U25: 8 | V25: 8 | W25: 8 | X25: 8 | Y25: 8 | Z25: / | AA25: / | AB25: 8 | AC25: 8 | AD25: 8 | AE25: 8 | AF25: 8 | AG25: / | AH25: / | AI25: =SUM(D25,G25:K25,N25:R25,U25:Y25,AB25:AF25) -> 168
AI26: =SUM(AI18:AI25) -> 168 | AK26: =SUM(AI26,AJ18:AK18) -> 168
B27: September | C27: STIMULATE | I27: / | J27: / | P27: / | Q27: / | W27: / | X27: / | AD27: / | AE27: / | AF27: U | AG27: U | AI27: =SUM(D27:H27,K27:O27,R27:V27,Y27:AC27,AF27:AG27) -> 0 | AJ27: 16 | AK27: 0
C28: ENKOS | I28: / | J28: / | P28: / | Q28: / | W28: / | X28: / | AD28: / | AE28: / | AF28: U | AG28: U | AI28: =SUM(D28:H28,K28:O28,R28:V28,Y28:AC28,AF28:AG28) -> 0
B29: 22 Arbeitstage | C29: ESSENCE | I29: / | J29: / | P29: / | Q29: / | W29: / | X29: / | AD29: / | AE29: / | AF29: U | AG29: U | AI29: =SUM(D29:H29,K29:O29,R29:V29,Y29:AC29,AF29:AG29) -> 0
C30: IDLE | I30: / | J30: / | P30: / | Q30: / | W30: / | X30: / | AD30: / | AE30: / | AF30: U | AG30: U | AI30: =SUM(D30:H30,K30:O30,R30:V30,Y30:AC30,AF30:AG30) -> 0
B31: 176 | C31: AREALIGHT | I31: / | J31: / | P31: / | Q31: / | W31: / | X31: / | AD31: / | AE31: / | AF31: U | AG31: U | AI31: =SUM(D31:H31,K31:O31,R31:V31,Y31:AC31,AF31:AG31) -> 0
C32: MR ASSIST | I32: / | J32: / | P32: / | Q32: / | W32: / | X32: / | AD32: / | AE32: / | AF32: U | AG32: U | AI32: =SUM(D32:H32,K32:O32,R32:V32,Y32:AC32,AF32:AG32) -> 0
C33: HEATFLUXTEX | I33: / | J33: / | P33: / | Q33: / | W33: / | X33: / | AD33: / | AE33: / | AF33: U | AG33: U | AI33: =SUM(D33:H33,K33:O33,R33:V33,Y33:AC33,AF33:AG33) -> 0
C34: TEXWELD | D34: 8 | E34: 8 | F34: 8 | G34: 8 | H34: 8 | I34: / | J34: / | K34: 8 | L34: 8 | M34: 8 | N34: 8 | O34: 8 | P34: / | Q34: / | R34: 8 | S34: 8 | T34: 8 | U34: 8 | V34: 8 | W34: / | X34: / | Y34: 8 | Z34: 8 | AA34: 8 | AB34: 8 | AC34: 8 | AD34: / | AE34: / | AF34: U | AG34: U | AI34: =SUM(D34:H34,K34:O34,R34:V34,Y34:AC34,AF34:AG34) -> 160
AI35: =SUM(AI27:AI34) -> 160 | AK35: =SUM(AI35,AJ27:AK27) -> 176
B36: Oktober | C36: POLYVETEX | D36: U | E36: U | F36: F | G36: / | H36: / | N36: / | O36: / | U36: / | V36: / | AB36: / | AC36: / | AH36: F | AI36: =SUM(D36:E36,I36:M36,P36:T36,W36:AA36,AD36:AG36) -> 0 | AJ36: 16 | AK36: 16
C37: ENKOS | D37: U | E37: U | F37: F | G37: / | H37: / | N37: / | O37: / | U37: / | V37: / | AB37: / | AC37: / | AH37: F | AI37: =SUM(D37:E37,I37:M37,P37:T37,W37:AA37,AD37:AG37) -> 0
B38: 22 Arbeitstage | C38: ESSENCE | D38: U | E38: U | F38: F | G38: / | H38: / | N38: / | O38: / | U38: / | V38: / | AB38: / | AC38: / | AH38: F | AI38: =SUM(D38:E38,I38:M38,P38:T38,W38:AA38,AD38:AG38) -> 0
B39: 2 F | C39: IDLE | D39: U | E39: U | F39: F | G39: / | H39: / | N39: / | O39: / | U39: / | V39: / | AB39: / | AC39: / | AH39: F | AI39: =SUM(D39:E39,I39:M39,P39:T39,W39:AA39,AD39:AG39) -> 0
B40: 184 | C40: AREALIGHT | D40: U | E40: U | F40: F | G40: / | H40: / | N40: / | O40: / | U40: / | V40: / | AB40: / | AC40: / | AH40: F | AI40: =SUM(D40:E40,I40:M40,P40:T40,W40:AA40,AD40:AG40) -> 0
C41: FLEXTEXIR | D41: U | E41: U | F41: F | G41: / | H41: / | N41: / | O41: / | U41: / | V41: / | AB41: / | AC41: / | AH41: F | AI41: 0
C42: MR ASSIST | D42: U | E42: U | F42: F | G42: / | H42: / | N42: / | O42: / | U42: / | V42: / | AB42: / | AC42: / | AH42: F | AI42: =SUM(D42:E42,I42:M42,P42:T42,W42:AA42,AD42:AG42) -> 0
C43: HEATFLUXTEX | D43: U | E43: U | F43: F | G43: / | H43: / | N43: / | O43: / | U43: / | V43: / | AB43: / | AC43: / | AH43: F | AI43: =SUM(D43:E43,I43:M43,P43:T43,W43:AA43,AD43:AG43) -> 0
C44: TEXWELD | D44: U | E44: U | F44: F | G44: / | H44: / | I44: 8 | J44: 8 | K44: 8 | L44: 8 | M44: 8 | N44: / | O44: / | P44: 8 | Q44: 8 | R44: 8 | S44: 8 | T44: 8 | U44: / | V44: / | W44: 8 | X44: 8 | Y44: 8 | Z44: 8 | AA44: 8 | AB44: / | AC44: / | AD44: 8 | AE44: 8 | AF44: 8 | AG44: 8 | AH44: F | AI44: =SUM(D44:E44,I44:M44,P44:T44,W44:AA44,AD44:AG44) -> 152
AI45: =SUM(AI36:AI44) -> 152 | AK45: =SUM(AI45,AJ36:AK36) -> 184
B46: November | C46: POLYVETEX | D46: / | E46: / | K46: / | L46: / | R46: / | S46: / | T46: U | U46: U | V46: U | W46: U | X46: U | Y46: / | Z46: / | AA46: U | AB46: U | AC46: U | AD46: U | AE46: U | AF46: / | AG46: / | AI46: =SUM(F46:J46,M46:Q46,T46:X46,AA46:AE46) -> 0 | AJ46: 80
C47: ENKOS | D47: / | E47: / | K47: / | L47: / | R47: / | S47: / | T47: U | U47: U | V47: U | W47: U | X47: U | Y47: / | Z47: / | AA47: U | AB47: U | AC47: U | AD47: U | AE47: U | AF47: / | AG47: / | AI47: =SUM(F47:J47,M47:Q47,T47:X47,AA47:AE47) -> 0
B48: 20 Arbeitstage | C48: ESSENCE | D48: / | E48: / | K48: / | L48: / | R48: / | S48: / | T48: U | U48: U | V48: U | W48: U | X48: U | Y48: / | Z48: / | AA48: U | AB48: U | AC48: U | AD48: U | AE48: U | AF48: / | AG48: / | AI48: =SUM(F48:J48,M48:Q48,T48:X48,AA48:AE48) -> 0
C49: IDLE | D49: / | E49: / | K49: / | L49: / | R49: / | S49: / | T49: U | U49: U | V49: U | W49: U | X49: U | Y49: / | Z49: / | AA49: U | AB49: U | AC49: U | AD49: U | AE49: U | AF49: / | AG49: / | AI49: =SUM(F49:J49,M49:Q49,T49:X49,AA49:AE49) -> 0
B50: 160 | C50: AREALIGHT | D50: / | E50: / | K50: / | L50: / | R50: / | S50: / | T50: U | U50: U | V50: U | W50: U | X50: U | Y50: / | Z50: / | AA50: U | AB50: U | AC50: U | AD50: U | AE50: U | AF50: / | AG50: / | AI50: =SUM(F50:J50,M50:Q50,T50:X50,AA50:AE50) -> 0
C51: FLEXTEXIR | D51: / | E51: / | K51: / | L51: / | R51: / | S51: / | T51: U | U51: U | V51: U | W51: U | X51: U | Y51: / | Z51: / | AA51: U | AB51: U | AC51: U | AD51: U | AE51: U | AF51: / | AG51: / | AI51: =SUM(F51:J51,M51:Q51,T51:X51,AA51:AE51) -> 0
C52: MR ASSIST | D52: / | E52: / | K52: / | L52: / | R52: / | S52: / | T52: U | U52: U | V52: U | W52: U | X52: U | Y52: / | Z52: / | AA52: U | AB52: U | AC52: U | AD52: U | AE52: U | AF52: / | AG52: / | AI52: =SUM(F52:J52,M52:Q52,T52:X52,AA52:AE52) -> 0
C53: HEATFLUXTEX | D53: / | E53: / | K53: / | L53: / | R53: / | S53: / | T53: U | U53: U | V53: U | W53: U | X53: U | Y53: / | Z53: / | AA53: U | AB53: U | AC53: U | AD53: U | AE53: U | AF53: / | AG53: / | AI53: =SUM(F53:J53,M53:Q53,T53:X53,AA53:AE53) -> 0
C54: TEXWELD | D54: / | E54: / | F54: 8 | G54: 8 | H54: 8 | I54: 8 | J54: 8 | K54: / | L54: / | M54: 8 | N54: 8 | O54: 8 | P54: 8 | Q54: 8 | R54: / | S54: / | T54: U | U54: U | V54: U | W54: U | X54: U | Y54: / | Z54: / | AA54: U | AB54: U | AC54: U | AD54: U | AE54: U | AF54: / | AG54: / | AI54: =SUM(F54:J54,M54:Q54,T54:X54,AA54:AE54) -> 80
AI55: =SUM(AI46:AI54) -> 80 | AK55: =SUM(AI55,AJ46:AK46) -> 160

Sheet Daniela Z
A1: Jahr | B1: 2025 | F1: / = Wochenende | AA1: 4 Stunden - 24 Dezember
A2: MA: | B2: Mitarbeiter: | C2: Daniela Zavec | F2: U=Urlaub | AA2: 4 Stunden - 31 Dezember
F3: K=Krank
F4: KK=Kindkrank
F5: F=Feiertag
D7: Arbeitstag
A8: Monat | B8: Monat | C8: Projekt | D8: 1 | E8: 2 | F8: 3 | G8: 4 | H8: 5 | I8: 6 | J8: 7 | K8: 8 | L8: 9 | M8: 10 | N8: 11 | O8: 12 | P8: 13 | Q8: 14 | R8: 15 | S8: 16 | T8: 17 | U8: 18 | V8: 19 | W8: 20 | X8: 21 | Y8: 22 | Z8: 23 | AA8: 24 | AB8: 25 | AC8: 26 | AD8: 27 | AE8: 28 | AF8: 29 | AG8: 30 | AH8: 31 | AI8: Arbeitsstunden | AJ8: Urlaubstunden | AK8: Feiertag
B9: Juli | C9: STIMULATE | H9: / | I9: / | O9: / | P9: / | V9: / | W9: / | AC9: / | AD9: / | AI9: =SUM(D9:G9,J9:N9,Q9:U9,X9:AB9,AE9:AH9) -> 0 | AJ9: 0 | AK9: 0
C10: ENKOS | H10: / | I10: / | O10: / | P10: / | V10: / | W10: / | AB10: 8 | AC10: / | AD10: / | AE10: 8 | AF10: 8 | AG10: 8 | AH10: 8 | AI10: =SUM(D10:G10,J10:N10,Q10:U10,X10:AB10,AE10:AH10) -> 40
B11: 23 Arbeitstage | C11: ESSENCE | H11: / | I11: / | O11: / | P11: / | V11: / | W11: / | AC11: / | AD11: / | AI11: =SUM(D11:G11,J11:N11,Q11:U11,X11:AB11,AE11:AH11) -> 0
C12: IDLE | H12: / | I12: / | J12: 8 | K12: 8 | L12: 8 | M12: 8 | N12: 8 | O12: / | P12: / | Q12: 8 | R12: 8 | S12: 8 | T12: 8 | U12: 8 | V12: / | W12: / | AC12: / | AD12: / | AI12: =SUM(D12:G12,J12:N12,Q12:U12,X12:AB12,AE12:AH12) -> 80
B13: 184 | C13: AREALIGHT | H13: / | I13: / | O13: / | P13: / | V13: / | W13: / | AC13: / | AD13: / | AI13: =SUM(D13:G13,J13:N13,Q13:U13,X13:AB13,AE13:AH13) -> 0
C14: MR ASSIST | D14: 8 | E14: 8 | F14: 8 | G14: 8 | H14: / | I14: / | O14: / | P14: / | V14: / | W14: / | X14: 8 | Y14: 8 | Z14: 8 | AA14: 8 | AC14: / | AD14: / | AI14: =SUM(D14:G14,J14:N14,Q14:U14,X14:AB14,AE14:AH14) -> 64
C15: HEATFLUXTEX | H15: / | I15: / | O15: / | P15: / | V15: / | W15: / | AC15: / | AD15: / | AI15: =SUM(D15:G15,J15:N15,Q15:U15,X15:AB15,AE15:AH15) -> 0
C16: TEXWELD | H16: / | I16: / | O16: / | P16: / | V16: / | W16: / | AC16: / | AD16: / | AI16: =SUM(D16:G16,J16:N16,Q16:U16,X16:AB16,AE16:AH16) -> 0
AI17: =SUM(AI9:AI16) -> 184 | AK17: =SUM(AI17,AJ9:AK9) -> 184
B18: August | C18: STIMULATE | E18: / | F18: / | L18: / | M18: / | S18: / | T18: / | Z18: / | AA18: / | AG18: / | AH18: / | AI18: =SUM(D18,G18:K18,N18:R18,U18:Y18,AB18:AF18) -> 0 | AJ18: 0 | AK18: 0
C19: ENKOS | E19: / | F19: / | L19: / | M19: / | N19: 8 | O19: 8 | P19: 8 | Q19: 8 | R19: 8 | S19: / | T19: / | Z19: / | AA19: / | AG19: / | AH19: / | AI19: =SUM(D19,G19:K19,N19:R19,U19:Y19,AB19:AF19) -> 40
B20: 21 Arbeitstage | C20: ESSENCE | E20: / | F20: / | L20: / | M20: / | S20: / | T20: / | Z20: / | AA20: / | AG20: / | AH20: / | AI20: =SUM(D20,G20:K20,N20:R20,U20:Y20,AB20:AF20) -> 0
C21: IDLE | E21: / | F21: / | L21: / | M21: / | S21: / | T21: / | U21: 8 | V21: 8 | W21: 8 | X21: 8 | Y21: 8 | Z21: / | AA21: / | AB21: 8 | AC21: 8 | AD21: 8 | AE21: 8 | AF21: 8 | AG21: / | AH21: / | AI21: =SUM(D21,G21:K21,N21:R21,U21:Y21,AB21:AF21) -> 80
B22: 168 | C22: AREALIGHT | E22: / | F22: / | L22: / | M22: / | S22: / | T22: / | Z22: / | AA22: / | AG22: / | AH22: / | AI22: =SUM(D22,G22:K22,N22:R22,U22:Y22,AB22:AF22) -> 0
C23: MR ASSIST | D23: 8 | E23: / | F23: / | G23: 8 | H23: 8 | J23: 8 | K23: 8 | L23: / | M23: / | S23: / | T23: / | Z23: / | AA23: / | AG23: / | AH23: / | AI23: =SUM(D23,G23:K23,N23:R23,U23:Y23,AB23:AF23) -> 40
C24: HEATFLUXTEX | E24: / | F24: / | L24: / | M24: / | S24: / | T24: / | Z24: / | AA24: / | AG24: / | AH24: / | AI24: =SUM(D24,G24:K24,N24:R24,U24:Y24,AB24:AF24) -> 0
C25: TEXWELD | E25: / | F25: / | L25: / | M25: / | S25: / | T25: / | Z25: / | AA25: / | AG25: / | AH25: / | AI25: =SUM(D25,G25:K25,N25:R25,U25:Y25,AB25:AF25) -> 0
AI26: =SUM(AI18:AI25) -> 160 | AK26: =SUM(AI26,AJ18:AK18) -> 160
B27: September | C27: STIMULATE | I27: / | J27: / | P27: / | Q27: / | W27: / | X27: / | AD27: / | AE27: / | AI27: =SUM(D27:H27,K27:O27,R27:V27,Y27:AC27,AF27:AG27) -> 0 | AJ27: 0 | AK27: 0
C28: ENKOS | I28: / | J28: / | P28: / | Q28: / | W28: / | X28: / | AD28: / | AE28: / | AI28: =SUM(D28:H28,K28:O28,R28:V28,Y28:AC28,AF28:AG28) -> 0
B29: 22 Arbeitstage | C29: ESSENCE | I29: / | J29: / | P29: / | Q29: / | W29: / | X29: / | AD29: / | AE29: / | AI29: =SUM(D29:H29,K29:O29,R29:V29,Y29:AC29,AF29:AG29) -> 0
C30: IDLE | D30: 8 | E30: 8 | F30: 8 | G30: 8 | H30: 8 | I30: / | J30: / | P30: / | Q30: / | W30: / | X30: / | AD30: / | AE30: / | AI30: =SUM(D30:H30,K30:O30,R30:V30,Y30:AC30,AF30:AG30) -> 40
B31: 176 | C31: AREALIGHT | I31: / | J31: / | P31: / | Q31: / | W31: / | X31: / | AD31: / | AE31: / | AI31: =SUM(D31:H31,K31:O31,R31:V31,Y31:AC31,AF31:AG31) -> 0
C32: MR ASSIST | I32: / | J32: / | P32: / | Q32: / | W32: / | X32: / | AD32: / | AE32: / | AI32: =SUM(D32:H32,K32:O32,R32:V32,Y32:AC32,AF32:AG32) -> 0
C33: HEATFLUXTEX | I33: / | J33: / | K33: 8 | L33: 8 | M33: 8 | N33: 8 | O33: 8 | P33: / | Q33: / | R33: 8 | S33: 8 | T33: 8 | U33: 8 | V33: 8 | W33: / | X33: / | Y33: 8 | Z33: 8 | AA33: 8 | AB33: 8 | AC33: 8 | AD33: / | AE33: / | AI33: =SUM(D33:H33,K33:O33,R33:V33,Y33:AC33,AF33:AG33) -> 120
C34: TEXWELD | I34: / | J34: / | P34: / | Q34: / | W34: / | X34: / | AD34: / | AE34: / | AI34: =SUM(D34:H34,K34:O34,R34:V34,Y34:AC34,AF34:AG34) -> 0
AI35: =SUM(AI27:AI34) -> 160 | AK35: =SUM(AI35,AJ27:AK27) -> 160
B36: Oktober | C36: POLYVETEX | F36: F | G36: / | H36: / | N36: / | O36: / | U36: / | V36: / | AB36: / | AC36: / | AH36: F | AI36: =SUM(D36:E36,I36:M36,P36:T36,W36:AA36,AD36:AG36) -> 0 | AK36: 16
C37: ENKOS | D37: 8 | E37: 8 | F37: F | G37: / | H37: / | N37: / | O37: / | U37: / | V37: / | AB37: / | AC37: / | AH37: F | AI37: =SUM(D37:E37,I37:M37,P37:T37,W37:AA37,AD37:AG37) -> 16
B38: 22 Arbeitstage | C38: ESSENCE | F38: F | G38: / | H38: / | N38: / | O38: / | U38: / | V38: / | AB38: / | AC38: / | AH38: F | AI38: =SUM(D38:E38,I38:M38,P38:T38,W38:AA38,AD38:AG38) -> 0
B39: 2 F | C39: IDLE | F39: F | G39: / | H39: / | I39: 8 | J39: 8 | K39: 8 | L39: 8 | M39: 8 | N39: / | O39: / | P39: 8 | Q39: 8 | R39: 8 | S39: 8 | T39: 8 | U39: / | V39: / | AB39: / | AC39: / | AH39: F | AI39: =SUM(D39:E39,I39:M39,P39:T39,W39:AA39,AD39:AG39) -> 80
B40: 184 | C40: AREALIGHT | F40: F | G40: / | H40: / | N40: / | O40: / | U40: / | V40: / | AB40: / | AC40: / | AH40: F | AI40: =SUM(D40:E40,I40:M40,P40:T40,W40:AA40,AD40:AG40) -> 0
C41: FLEXTEXIR | F41: F | G41: / | H41: / | N41: / | O41: / | U41: / | V41: / | AB41: / | AC41: / | AH41: F | AI41: 0
C42: MR ASSIST | F42: F | G42: / | H42: / | N42: / | O42: / | U42: / | V42: / | AB42: / | AC42: / | AH42: F | AI42: =SUM(D42:E42,I42:M42,P42:T42,W42:AA42,AD42:AG42) -> 0
C43: HEATFLUXTEX | F43: F | G43: / | H43: / | N43: / | O43: / | U43: / | V43: / | W43: 8 | X43: 8 | Y43: 8 | Z43: 8 | AA43: 8 | AB43: / | AC43: / | AD43: 8 | AE43: 8 | AF43: 8 | AG43: 8 | AH43: F | AI43: =SUM(D43:E43,I43:M43,P43:T43,W43:AA43,AD43:AG43) -> 72
C44: TEXWELD | F44: F | G44: / | H44: / | N44: / | O44: / | U44: / | V44: / | AB44: / | AC44: / | AH44: F | AI44: =SUM(D44:E44,I44:M44,P44:T44,W44:AA44,AD44:AG44) -> 0
AI45: =SUM(AI36:AI44) -> 168 | AK45: =SUM(AI45,AJ36:AK36) -> 184
B46: November | C46: POLYVETEX | D46: / | E46: / | K46: / | L46: / | R46: / | S46: / | Y46: / | Z46: / | AF46: / | AG46: / | AI46: =SUM(F46:J46,M46:Q46,T46:X46,AA46:AE46) -> 0
C47: ENKOS | D47: / | E47: / | K47: / | L47: / | R47: / | S47: / | Y47: / | Z47: / | AF47: / | AG47: / | AI47: =SUM(F47:J47,M47:Q47,T47:X47,AA47:AE47) -> 0
B48: 20 Arbeitstage | C48: ESSENCE | D48: / | E48: / | K48: / | L48: / | R48: / | S48: / | Y48: / | Z48: / | AF48: / | AG48: / | AI48: =SUM(F48:J48,M48:Q48,T48:X48,AA48:AE48) -> 0
C49: IDLE | D49: / | E49: / | K49: / | L49: / | M49: 8 | N49: 8 | O49: 8 | P49: 8 | Q49: 8 | R49: / | S49: / | Y49: / | Z49: / | AF49: / | AG49: / | AI49: =SUM(F49:J49,M49:Q49,T49:X49,AA49:AE49) -> 40
B50: 160 | C50: AREALIGHT | D50: / | E50: / | K50: / | L50: / | R50: / | S50: / | Y50: / | Z50: / | AF50: / | AG50: / | AI50: =SUM(F50:J50,M50:Q50,T50:X50,AA50:AE50) -> 0
C51: FLEXTEXIR | D51: / | E51: / | K51: / | L51: / | R51: / | S51: / | Y51: / | Z51: / | AF51: / | AG51: / | AI51: =SUM(F51:J51,M51:Q51,T51:X51,AA51:AE51) -> 0
C52: MR ASSIST | D52: / | E52: / | F52: 8 | G52: 8 | H52: 8 | I52: 8 | J52: 8 | K52: / | L52: / | R52: / | S52: / | Y52: / | Z52: / | AF52: / | AG52: / | AI52: =SUM(F52:J52,M52:Q52,T52:X52,AA52:AE52) -> 40
C53: HEATFLUXTEX | D53: / | E53: / | K53: / | L53: / | R53: / | S53: / | T53: 8 | U53: 8 | V53: 8 | W53: 8 | X53: 8 | Y53: / | Z53: / | AA53: 8 | AB53: 8 | AC53: 8 | AD53: 8 | AE53: 8 | AF53: / | AG53: / | AI53: =SUM(F53:J53,M53:Q53,T53:X53,AA53:AE53) -> 80
C54: TEXWELD | D54: / | E54: / | K54: / | L54: / | R54: / | S54: / | Y54: / | Z54: / | AF54: / | AG54: / | AI54: =SUM(F54:J54,M54:Q54,T54:X54,AA54:AE54) -> 0
AI55: =SUM(AI46:AI54) -> 160 | AK55: =SUM(AI55,AJ46:AK46) -> 160
B56: Dezember | C56: POLYVETEX | I56: / | J56: / | P56: / | Q56: / | W56: / | X56: / | Y56: U | Z56: U | AA56: U | AB56: F | AC56: F | AD56: / | AE56: / | AF56: U | AG56: U | AH56: U | AI56: =SUM(D56:H56,K56:O56,R56:V56) -> 0 | AJ56: 48 | AK56: 16
C57: ENKOS | I57: / | J57: / | K57: 8 | L57: 8 | M57: 8 | N57: 8 | O57: 8 | P57: / | Q57: / | R57: 8 | S57: 8 | T57: 8 | U57: 8 | V57: 8 | W57: / | X57: / | Y57: U | Z57: U | AA57: U | AB57: F | AC57: F | AD57: / | AE57: / | AF57: U | AG57: U | AH57: U | AI57: =SUM(D57:H57,K57:O57,R57:V57) -> 80
B58: 15 Arbeitstage | C58: ESSENCE | I58: / | J58: / | P58: / | Q58: / | W58: / | X58: / | Y58: U | Z58: U | AA58: U | AB58: F | AC58: F | AD58: / | AE58: / | AF58: U | AG58: U | AH58: U | AI58: =SUM(D58:H58,K58:O58,R58:V58) -> 0
C59: IDLE | D59: 8 | E59: 8 | F59: 8 | G59: 8 | H59: 8 | I59: / | J59: / | P59: / | Q59: / | W59: / | X59: / | Y59: U | Z59: U | AA59: U | AB59: F | AC59: F | AD59: / | AE59: / | AF59: U | AG59: U | AH59: U | AI59: =SUM(D59:H59,K59:O59,R59:V59) -> 40
B60: 2 F | C60: AREALIGHT | I60: / | J60: / | P60: / | Q60: / | W60: / | X60: / | Y60: U | Z60: U | AA60: U | AB60: F | AC60: F | AD60: / | AE60: / | AF60: U | AG60: U | AH60: U | AI60: =SUM(D60:H60,K60:O60,R60:V60) -> 0
B61: 6 Betrieburlaub | C61: FLEXTEXIR | I61: / | J61: / | P61: / | Q61: / | W61: / | X61: / | Y61: U | Z61: U | AA61: U | AB61: F | AC61: F | AD61: / | AE61: / | AF61: U | AG61: U | AH61: U | AI61: =SUM(D61:H61,K61:O61,R61:V61) -> 0
C62: MR ASSIST | I62: / | J62: / | P62: / | Q62: / | W62: / | X62: / | Y62: U | Z62: U | AA62: U | AB62: F | AC62: F | AD62: / | AE62: / | AF62: U | AG62: U | AH62: U | AI62: =SUM(D62:H62,K62:O62,R62:V62) -> 0
B63: 120 | C63: HEATFLUXTEX | I63: / | J63: / | P63: / | Q63: / | W63: / | X63: / | Y63: U | Z63: U | AA63: U | AB63: F | AC63: F | AD63: / | AE63: / | AF63: U | AG63: U | AH63: U | AI63: =SUM(D63:H63,K63:O63,R63:V63) -> 0
C64: TEXWELD | I64: / | J64: / | P64: / | Q64: / | W64: / | X64: / | Y64: U | Z64: U | AA64: U | AB64: F | AC64: F | AD64: / | AE64: / | AF64: U | AG64: U | AH64: U | AI64: =SUM(D64:H64,K64:O64,R64:V64) -> 0
AI65: =SUM(AI56:AI64) -> 120 | AK65: =SUM(AI65,AJ56:AK56) -> 184
B66: Juli

Sheet MA2 (3)
A1: Jahr | B1: 2025 | F1: / = Wochenende | AA1: 46015 | AB1: 4 Stunden
A2: MA: | B2: Mitarbeiter: | F2: U=Urlaub | AA2: 46022 | AB2: 4 Stunden
F3: K=Krank
F4: KK=Kindkrank
F5: F=Feiertag
D7: Arbeitstag
A8: Monat | B8: Monat | C8: Projekt | D8: 1 | E8: 2 | F8: 3 | G8: 4 | H8: 5 | I8: 6 | J8: 7 | K8: 8 | L8: 9 | M8: 10 | N8: 11 | O8: 12 | P8: 13 | Q8: 14 | R8: 15 | S8: 16 | T8: 17 | U8: 18 | V8: 19 | W8: 20 | X8: 21 | Y8: 22 | Z8: 23 | AA8: 24 | AB8: 25 | AC8: 26 | AD8: 27 | AE8: 28 | AF8: 29 | AG8: 30 | AH8: 31 | AI8: Arbeitsstunden | AJ8: Urlaubstunden | AK8: Feiertag
B9: August | C9: STIMULATE | E9: / | F9: / | L9: / | M9: / | S9: / | T9: / | Z9: / | AA9: / | AG9: / | AH9: / | AI9: =SUM(D9,G9:K9,N9:R9,U9:Y9,AB9:AF9) -> 0 | AJ9: 0 | AK9: 0
C10: ENKOS | E10: / | F10: / | L10: / | M10: / | S10: / | T10: / | Z10: / | AA10: / | AG10: / | AH10: / | AI10: =SUM(D10,G10:K10,N10:R10,U10:Y10,AB10:AF10) -> 0
B11: 21 Arbeitstage | C11: ESSENCE | E11: / | F11: / | L11: / | M11: / | S11: / | T11: / | Z11: / | AA11: / | AG11: / | AH11: / | AI11: =SUM(D11,G11:K11,N11:R11,U11:Y11,AB11:AF11) -> 0
C12: IDLE | E12: / | F12: / | L12: / | M12: / | S12: / | T12: / | Z12: / | AA12: / | AG12: / | AH12: / | AI12: =SUM(D12,G12:K12,N12:R12,U12:Y12,AB12:AF12) -> 0
B13: 168 | C13: AREALIGHT | E13: / | F13: / | L13: / | M13: / | S13: / | T13: / | Z13: / | AA13: / | AG13: / | AH13: / | AI13: =SUM(D13,G13:K13,N13:R13,U13:Y13,AB13:AF13) -> 0
C14: MR ASSIST | E14: / | F14: / | L14: / | M14: / | S14: / | T14: / | Z14: / | AA14: / | AG14: / | AH14: / | AI14: =SUM(D14,G14:K14,N14:R14,U14:Y14,AB14:AF14) -> 0
C15: HEATFLUXTEX | E15: / | F15: / | L15: / | M15: / | S15: / | T15: / | Z15: / | AA15: / | AG15: / | AH15: / | AI15: =SUM(D15,G15:K15,N15:R15,U15:Y15,AB15:AF15) -> 0
C16: TEXWELD | E16: / | F16: / | L16: / | M16: / | S16: / | T16: / | Z16: / | AA16: / | AG16: / | AH16: / | AI16: =SUM(D16,G16:K16,N16:R16,U16:Y16,AB16:AF16) -> 0
AI17: =SUM(AI9:AI16) -> 0 | AK17: =SUM(AI17,AJ9:AK9) -> 0
B18: September | C18: STIMULATE | I18: / | J18: / | P18: / | Q18: / | W18: / | X18: / | AD18: / | AE18: / | AI18: =SUM(D18:H18,K18:O18,R18:V18,Y18:AC18,AF18:AG18) -> 0 | AJ18: 0 | AK18: 0
C19: ENKOS | I19: / | J19: / | P19: / | Q19: / | W19: / | X19: / | AD19: / | AE19: / | AI19: =SUM(D19:H19,K19:O19,R19:V19,Y19:AC19,AF19:AG19) -> 0
B20: 22 Arbeitstage | C20: ESSENCE | I20: / | J20: / | P20: / | Q20: / | W20: / | X20: / | AD20: / | AE20: / | AI20: =SUM(D20:H20,K20:O20,R20:V20,Y20:AC20,AF20:AG20) -> 0
C21: IDLE | I21: / | J21: / | P21: / | Q21: / | W21: / | X21: / | AD21: / | AE21: / | AI21: =SUM(D21:H21,K21:O21,R21:V21,Y21:AC21,AF21:AG21) -> 0
B22: 176 | C22: AREALIGHT | I22: / | J22: / | P22: / | Q22: / | W22: / | X22: / | AD22: / | AE22: / | AI22: =SUM(D22:H22,K22:O22,R22:V22,Y22:AC22,AF22:AG22) -> 0
C23: MR ASSIST | I23: / | J23: / | P23: / | Q23: / | W23: / | X23: / | AD23: / | AE23: / | AI23: =SUM(D23:H23,K23:O23,R23:V23,Y23:AC23,AF23:AG23) -> 0
C24: HEATFLUXTEX | I24: / | J24: / | P24: / | Q24: / | W24: / | X24: / | AD24: / | AE24: / | AI24: =SUM(D24:H24,K24:O24,R24:V24,Y24:AC24,AF24:AG24) -> 0
C25: TEXWELD | I25: / | J25: / | P25: / | Q25: / | W25: / | X25: / | AD25: / | AE25: / | AI25: =SUM(D25:H25,K25:O25,R25:V25,Y25:AC25,AF25:AG25) -> 0
AI26: =SUM(AI18:AI25) -> 0 | AK26: =SUM(AI26,AJ18:AK18) -> 0
B27: Oktober | C27: POLYVETEX | F27: F | G27: / | H27: / | N27: / | O27: / | U27: / | V27: / | AB27: / | AC27: / | AH27: F | AI27: =SUM(D27:E27,I27:M27,P27:T27,W27:AA27,AD27:AG27) -> 0 | AK27: 0
C28: ENKOS | F28: F | G28: / | H28: / | N28: / | O28: / | U28: / | V28: / | AB28: / | AC28: / | AH28: F | AI28: =SUM(D28:E28,I28:M28,P28:T28,W28:AA28,AD28:AG28) -> 0
B29: 22 Arbeitstage | C29: ESSENCE | F29: F | G29: / | H29: / | N29: / | O29: / | U29: / | V29: / | AB29: / | AC29: / | AH29: F | AI29: =SUM(D29:E29,I29:M29,P29:T29,W29:AA29,AD29:AG29) -> 0
B30: 2 F | C30: IDLE | F30: F | G30: / | H30: / | N30: / | O30: / | U30: / | V30: / | AB30: / | AC30: / | AH30: F | AI30: =SUM(D30:E30,I30:M30,P30:T30,W30:AA30,AD30:AG30) -> 0
B31: 184 | C31: AREALIGHT | F31: F | G31: / | H31: / | N31: / | O31: / | U31: / | V31: / | AB31: / | AC31: / | AH31: F | AI31: =SUM(D31:E31,I31:M31,P31:T31,W31:AA31,AD31:AG31) -> 0
C32: FLEXTEXIR | F32: F | G32: / | H32: / | N32: / | O32: / | U32: / | V32: / | AB32: / | AC32: / | AH32: F | AI32: 0
C33: MR ASSIST | F33: F | G33: / | H33: / | N33: / | O33: / | U33: / | V33: / | AB33: / | AC33: / | AH33: F | AI33: =SUM(D33:E33,I33:M33,P33:T33,W33:AA33,AD33:AG33) -> 0
C34: HEATFLUXTEX | F34: F | G34: / | H34: / | N34: / | O34: / | U34: / | V34: / | AB34: / | AC34: / | AH34: F | AI34: =SUM(D34:E34,I34:M34,P34:T34,W34:AA34,AD34:AG34) -> 0
C35: TEXWELD | F35: F | G35: / | H35: / | N35: / | O35: / | U35: / | V35: / | AB35: / | AC35: / | AH35: F | AI35: =SUM(D35:E35,I35:M35,P35:T35,W35:AA35,AD35:AG35) -> 0
AI36: =SUM(AI27:AI35) -> 0 | AK36: =SUM(AI36,AJ27:AK27) -> 0
B37: November | C37: POLYVETEX | D37: / | E37: / | K37: / | L37: / | R37: / | S37: / | Y37: / | Z37: / | AF37: / | AG37: / | AI37: =SUM(F37:J37,M37:Q37,T37:X37,AA37:AE37) -> 0
C38: ENKOS | D38: / | E38: / | K38: / | L38: / | R38: / | S38: / | Y38: / | Z38: / | AF38: / | AG38: / | AI38: =SUM(F38:J38,M38:Q38,T38:X38,AA38:AE38) -> 0
B39: 20 Arbeitstage | C39: ESSENCE | D39: / | E39: / | K39: / | L39: / | R39: / | S39: / | Y39: / | Z39: / | AF39: / | AG39: / | AI39: =SUM(F39:J39,M39:Q39,T39:X39,AA39:AE39) -> 0
C40: IDLE | D40: / | E40: / | K40: / | L40: / | R40: / | S40: / | Y40: / | Z40: / | AF40: / | AG40: / | AI40: =SUM(F40:J40,M40:Q40,T40:X40,AA40:AE40) -> 0
B41: 160 | C41: AREALIGHT | D41: / | E41: / | K41: / | L41: / | R41: / | S41: / | Y41: / | Z41: / | AF41: / | AG41: / | AI41: =SUM(F41:J41,M41:Q41,T41:X41,AA41:AE41) -> 0
C42: FLEXTEXIR | D42: / | E42: / | K42: / | L42: / | R42: / | S42: / | Y42: / | Z42: / | AF42: / | AG42: / | AI42: =SUM(F42:J42,M42:Q42,T42:X42,AA42:AE42) -> 0
C43: MR ASSIST | D43: / | E43: / | K43: / | L43: / | R43: / | S43: / | Y43: / | Z43: / | AF43: / | AG43: / | AI43: =SUM(F43:J43,M43:Q43,T43:X43,AA43:AE43) -> 0
C44: HEATFLUXTEX | D44: / | E44: / | K44: / | L44: / | R44: / | S44: / | Y44: / | Z44: / | AF44: / | AG44: / | AI44: =SUM(F44:J44,M44:Q44,T44:X44,AA44:AE44) -> 0
C45: TEXWELD | D45: / | E45: / | K45: / | L45: / | R45: / | S45: / | Y45: / | Z45: / | AF45: / | AG45: / | AI45: =SUM(F45:J45,M45:Q45,T45:X45,AA45:AE45) -> 0
AI46: =SUM(AI37:AI45) -> 0 | AK46: =SUM(AI46,AJ37:AK37) -> 0
B47: Dezember | C47: POLYVETEX | I47: / | J47: / | P47: / | Q47: / | W47: / | X47: / | Y47: U | Z47: U | AA47: U | AB47: F | AC47: F | AD47: / | AE47: / | AF47: U | AG47: U | AH47: U | AI47: =SUM(D47:H47,K47:O47,R47:V47) -> 0 | AJ47: 0 | AK47: 0
C48: ENKOS | I48: / | J48: / | P48: / | Q48: / | W48: / | X48: / | Y48: U | Z48: U | AA48: U | AB48: F | AC48: F | AD48: / | AE48: / | AF48: U | AG48: U | AH48: U | AI48: =SUM(D48:H48,K48:O48,R48:V48) -> 0
B49: 15 Arbeitstage | C49: ESSENCE | I49: / | J49: / | P49: / | Q49: / | W49: / | X49: / | Y49: U | Z49: U | AA49: U | AB49: F | AC49: F | AD49: / | AE49: / | AF49: U | AG49: U | AH49: U | AI49: =SUM(D49:H49,K49:O49,R49:V49) -> 0
C50: IDLE | I50: / | J50: / | P50: / | Q50: / | W50: / | X50: / | Y50: U | Z50: U | AA50: U | AB50: F | AC50: F | AD50: / | AE50: / | AF50: U | AG50: U | AH50: U | AI50: =SUM(D50:H50,K50:O50,R50:V50) -> 0
B51: 2 F | C51: AREALIGHT | I51: / | J51: / | P51: / | Q51: / | W51: / | X51: / | Y51: U | Z51: U | AA51: U | AB51: F | AC51: F | AD51: / | AE51: / | AF51: U | AG51: U | AH51: U | AI51: =SUM(D51:H51,K51:O51,R51:V51) -> 0
B52: 6 Betrieburlaub | C52: FLEXTEXIR | I52: / | J52: / | P52: / | Q52: / | W52: / | X52: / | Y52: U | Z52: U | AA52: U | AB52: F | AC52: F | AD52: / | AE52: / | AF52: U | AG52: U | AH52: U | AI52: =SUM(D52:H52,K52:O52,R52:V52) -> 0
C53: MR ASSIST | I53: / | J53: / | P53: / | Q53: / | W53: / | X53: / | Y53: U | Z53: U | AA53: U | AB53: F | AC53: F | AD53: / | AE53: / | AF53: U | AG53: U | AH53: U | AI53: =SUM(D53:H53,K53:O53,R53:V53) -> 0
B54: 120 | C54: HEATFLUXTEX | I54: / | J54: / | P54: / | Q54: / | W54: / | X54: / | Y54: U | Z54: U | AA54: U | AB54: F | AC54: F | AD54: / | AE54: / | AF54: U | AG54: U | AH54: U | AI54: =SUM(D54:H54,K54:O54,R54:V54) -> 0
C55: TEXWELD | I55: / | J55: / | P55: / | Q55: / | W55: / | X55: / | Y55: U | Z55: U | AA55: U | AB55: F | AC55: F | AD55: / | AE55: / | AF55: U | AG55: U | AH55: U | AI55: =SUM(D55:H55,K55:O55,R55:V55) -> 0
AI56: =SUM(AI47:AI55) -> 0 | AK56: =SUM(AI56,AJ47:AK47) -> 0

Sheet Stunden pro Projekt
A2: Stunden pro Projekt | B2: Monat
B3: Januar | C3: Februar | D3: März | E3: April | F3: Mai | G3: Juni | H3: Juli | I3: August | J3: September | K3: Oktober | L3: November | M3: Dezember | N3: Total
A5: POLYVETEX | B5: Januar | C5: Februar | D5: März | E5: April | F5: Mai | G5: Juni | H5: Juli | I5: August | J5: September | K5: Oktober | L5: November | M5: Dezember
A6: Lars | B6: ='Lars B'!AI9 -> 0 | C6: ='Lars B'!AI20 -> 0 | D6: ='Lars B'!AI31 -> 0 | E6: ='Lars B'!AI42 -> 0 | F6: ='Lars B'!AL20 -> 0 | G6: ='Lars B'!AL31 -> 0 | H6: ='Lars B'!AO9 -> 0 | I6: ='Lars B'!AO20 -> 0 | J6: ='Lars B'!AO31 -> 0 | K6: ='Lars B'!AR9 -> 0 | L6: ='Lars B'!AR20 -> 0 | M6: ='Lars B'!AR31 -> 0 | N6: =SUM(B6:D6) -> 0
A7: Lena | N7: =SUM(B7:D7) -> 0
A8: Sabrina | N8: =SUM(B8:D8) -> 0
A9: Karen | N9: =SUM(B9:D9) -> 0
A10: Ron | N10: =SUM(B10:D10) -> 0
A11: Lucas | N11: =SUM(B11:D11) -> 0
A12: Mayuresh | N12: =SUM(B12:D12) -> 0
A13: Daniela | N13: =SUM(B13:D13) -> 0
A16: ENKOS | B16: Januar | C16: Februar | D16: März | E16: April | F16: Mai | G16: Juni | H16: Juli | I16: August | J16: September | K16: Oktober | L16: November | M16: Dezember
A17: Lars | B17: ='Lars B'!AI9 -> 0 | C17: =('Lars B'!AI21) -> 0 | D17: =('Lars B'!AI32) -> 0 | E17: =('Lars B'!AI43) -> 0 | F17: =('Lars B'!AI55) -> 0 | G17: =('Lars B'!AI67) -> 0 | H17: =('Lars B'!AO10) -> 0 | I17: =('Lars B'!AO21) -> 0 | J17: =('Lars B'!AO32) -> 0 | K17: =('Lars B'!AO43) -> 0 | L17: =('Lars B'!AO55) -> 0 | M17: =('Lars B'!AO67) -> 0 | N17: =SUM(B17:D17) -> 0
A18: Lena | B18: =('Lena S'!AI10) -> 0 | C18: =('Lena S'!AI19) -> 0 | D18: =('Lena S'!AI28) -> 24 | E18: =('Lena S'!AI37) -> 56 | F18: =('Lena S'!AI47) -> 40 | G18: =('Lena S'!AI57) -> 0 | N18: =SUM(B18:D18) -> 24
A19: Sabrina | B19: =('Sabrina F'!AI10) -> 0 | C19: =('Sabrina F'!AI19) -> 28 | D19: =('Sabrina F'!AI28) -> 0 | E19: =('Sabrina F'!AI37) -> 48 | F19: =('Sabrina F'!AI47) -> 40 | G19: =('Sabrina F'!AI57) -> 40 | N19: =SUM(B19:D19) -> 28
A20: Karen | B20: =('Karen JT'!AI10) -> 0 | C20: =('Karen JT'!AI19) -> 0 | D20: =('Karen JT'!AI28) -> 0 | E20: =('Karen JT'!AI37) -> 0 | F20: =('Karen JT'!AI47) -> 0 | G20: =('Karen JT'!AI57) -> 0 | N20: =SUM(B20:D20) -> 0
A21: Ron | B21: =('Ron J'!AI10) -> 0 | C21: =('Ron J'!AI19) -> 48 | D21: =('Ron J'!AI28) -> 16 | E21: =('Ron J'!AI37) -> 0 | F21: =('Ron J'!AI47) -> 0 | G21: =('Ron J'!AI57) -> 32 | N21: =SUM(B21:D21) -> 64
A22: Lucas | B22: =('Lucas H'!AI10) -> 0 | C22: =('Lucas H'!AI19) -> 40 | D22: =('Lucas H'!AI28) -> 48 | E22: =('Lucas H'!AI37) -> 72 | F22: =('Lucas H'!AI47) -> 40 | G22: =('Lucas H'!AI57) -> 40 | N22: =SUM(B22:D22) -> 88
A23: Mayuresh | N23: =SUM(B23:D23) -> 0
A24: Daniela | B24: =('Daniela Z'!AI10) -> 40 | C24: =('Daniela Z'!AI19) -> 40 | D24: =('Daniela Z'!AI28) -> 0 | E24: =('Daniela Z'!AI37) -> 16 | F24: =('Daniela Z'!AI47) -> 0 | G24: =('Daniela Z'!AI57) -> 80 | N24: =SUM(B24:D24) -> 80
A27: ESSENCE | B27: Januar | C27: Februar | D27: März | E27: April | F27: Mai | G27: Juni | H27: Juli | I27: August | J27: September | K27: Oktober | L27: November | M27: Dezember
A28: Lars | B28: =('Lars B'!AI11) -> 0 | C28: =('Lars B'!AI22) -> 0 | D28: =('Lars B'!AI33) -> 0 | E28: =('Lars B'!AI44) -> 0 | F28: =('Lars B'!AI56) -> 0 | G28: =('Lena S'!AI58) -> 0 | N28: =SUM(B28:D28) -> 0
A29: Lena | B29: =('Lena S'!AI11) -> 0 | C29: =('Lena S'!AI20) -> 0 | D29: =('Lena S'!AI29) -> 0 | E29: =('Lena S'!AI38) -> 0 | F29: =('Lena S'!AI48) -> 0 | G29: =('Lena S'!AI58) -> 0 | N29: =SUM(B29:D29) -> 0
A30: Sabrina | B30: =('Sabrina F'!AI11) -> 0 | C30: =('Sabrina F'!AI20) -> 0 | D30: =('Sabrina F'!AI29) -> 0 | E30: =('Sabrina F'!AI38) -> 0 | F30: =('Sabrina F'!AI48) -> 0 | G30: =('Sabrina F'!AI58) -> 0 | N30: =SUM(B30:D30) -> 0
A31: Karen | B31: =('Karen JT'!AI11) -> 0 | C31: =('Karen JT'!AI20) -> 0 | D31: =('Karen JT'!AI29) -> 0 | E31: =('Karen JT'!AI38) -> 0 | F31: =('Karen JT'!AI48) -> 0 | G31: =('Karen JT'!AI58) -> 0 | N31: =SUM(B31:D31) -> 0
A32: Ron | B32: =('Ron J'!AI11) -> 0 | C32: =('Ron J'!AI20) -> 64 | D32: =('Ron J'!AI29) -> 32 | E32: =('Ron J'!AI38) -> 0 | F32: =('Ron J'!AI48) -> 32 | G32: =('Ron J'!AI58) -> 32 | N32: =SUM(B32:D32) -> 96
A33: Lucas | B33: =('Lucas H'!AI11) -> 96 | C33: =('Lucas H'!AI20) -> 40 | D33: =('Lucas H'!AI29) -> 56 | E33: =('Lucas H'!AI38) -> 56 | F33: =('Lucas H'!AI48) -> 80 | G33: =('Lucas H'!AI58) -> 40 | N33: =SUM(B33:D33) -> 192
A34: Mayuresh | B34: =('Daniela Z'!AI11) -> 0 | C34: =('Daniela Z'!AI20) -> 0 | D34: =('Daniela Z'!AI29) -> 0 | E34: =('Daniela Z'!AI38) -> 0 | F34: =('Daniela Z'!AI48) -> 0 | G34: =('Daniela Z'!AI58) -> 0 | N34: =SUM(B34:D34) -> 0
A35: Daniela
A37: IDLE | B37: Januar | C37: Februar | D37: März | E37: April | F37: Mai | G37: Juni | H37: Juli | I37: August | J37: September | K37: Oktober | L37: November | M37: Dezember
A38: Lars | B38: =('Lars B'!AI12) -> 0 | C38: =('Lars B'!AI23) -> 0 | D38: =('Lars B'!AI34) -> 0 | E38: =('Lars B'!AI45) -> 0 | F38: =('Lars B'!AI57) -> 0 | G38: =('Lena S'!AI59) -> 40 | N38: =SUM(B38:D38) -> 0
A39: Lena | B39: =('Lena S'!AI12) -> 0 | C39: =('Lena S'!AI21) -> 40 | D39: =('Lena S'!AI30) -> 48 | E39: =('Lena S'!AI39) -> 0 | F39: =('Lena S'!AI58) -> 0 | G39: =('Lena S'!AI68) -> 0 | N39: =SUM(B39:D39) -> 88
A40: Sabrina | B40: =('Sabrina F'!AI12) -> 0 | C40: =('Sabrina F'!AI21) -> 0 | D40: =('Sabrina F'!AI30) -> 40 | E40: =('Sabrina F'!AI39) -> 40 | F40: =('Sabrina F'!AI58) -> 0 | G40: =('Sabrina F'!AI68) -> 0 | N40: =SUM(B40:D40) -> 40
A41: Karen | B41: =('Karen JT'!AI12) -> 0 | C41: =('Karen JT'!AI21) -> 0 | D41: =('Karen JT'!AI30) -> 0 | E41: =('Karen JT'!AI39) -> 0 | F41: =('Karen JT'!AI58) -> 0 | G41: =('Karen JT'!AI68) -> 0 | N41: =SUM(B41:D41) -> 0
A42: Ron | B42: =('Ron J'!AI12) -> 0 | C42: =('Ron J'!AI21) -> 0 | D42: =('Ron J'!AI30) -> 0 | E42: =('Ron J'!AI39) -> 0 | F42: =('Ron J'!AI58) -> 32 | G42: =('Ron J'!AI68) -> 0 | N42: =SUM(B42:D42) -> 0
A43: Lucas | B43: =('Lucas H'!AI12) -> 0 | C43: =('Lucas H'!AI21) -> 0 | D43: =('Lucas H'!AI30) -> 0 | E43: =('Lucas H'!AI39) -> 0 | F43: =('Lucas H'!AI58) -> 40 | G43: =('Lucas H'!AI68) -> 0 | N43: =SUM(B43:D43) -> 0
A44: Mayuresh | B44: =('Daniela Z'!AI12) -> 80 | C44: =('Daniela Z'!AI21) -> 80 | D44: =('Daniela Z'!AI30) -> 40 | E44: =('Daniela Z'!AI39) -> 80 | F44: =('Daniela Z'!AI58) -> 0 | G44: =('Daniela Z'!AI68) -> 0 | N44: =SUM(B44:D44) -> 200
A45: Daniela
A48: AREALIGHT | B48: Januar | C48: Februar | D48: März | E48: April | F48: Mai | G48: Juni | H48: Juli | I48: August | J48: September | K48: Oktober | L48: November | M48: Dezember
A49: Lars | B49: =('Lars B'!AI13) -> 0 | C49: =('Lars B'!AI24) -> 0 | D49: =('Lars B'!AI35) -> 0 | E49: =('Lars B'!AI46) -> 0 | F49: =('Lars B'!AI58) -> 0 | G49: =('Lena S'!AI60) -> 40 | N49: =SUM(B49:D49) -> 0
A50: Lena | B50: =('Lena S'!AI13) -> 0 | C50: =('Lena S'!AI22) -> 24 | D50: =('Lena S'!AI31) -> 24 | E50: =('Lena S'!AI40) -> 72 | F50: =('Lena S'!AI50) -> 80 | G50: =('Lena S'!AI60) -> 40 | N50: =SUM(B50:D50) -> 48
A51: Sabrina | B51: =('Sabrina F'!AI13) -> 64 | C51: =('Sabrina F'!AI22) -> 0 | D51: =('Sabrina F'!AI31) -> 80 | E51: =('Sabrina F'!AI40) -> 80 | F51: =('Sabrina F'!AI50) -> 80 | G51: =('Sabrina F'!AI60) -> 40 | N51: =SUM(B51:D51) -> 144
A52: Karen | B52: =('Karen JT'!AI13) -> 70 | C52: =('Karen JT'!AI22) -> 95 | D52: =('Karen JT'!AI31) -> 95 | E52: =('Karen JT'!AI40) -> 80 | F52: =('Karen JT'!AI50) -> 25 | G52: =('Karen JT'!AI60) -> 75 | N52: =SUM(B52:D52) -> 260
A53: Ron | B53: =('Ron J'!AI13) -> 0 | C53: =('Ron J'!AI22) -> 0 | D53: =('Ron J'!AI31) -> 0 | E53: =('Ron J'!AI40) -> 0 | F53: =('Ron J'!AI50) -> 0 | G53: =('Ron J'!AI60) -> 0 | N53: =SUM(B53:D53) -> 0
A54: Lucas | B54: =('Lucas H'!AI13) -> 80 | C54: =('Lucas H'!AI22) -> 80 | D54: =('Lucas H'!AI31) -> 0 | E54: =('Lucas H'!AI40) -> 40 | F54: =('Lucas H'!AI50) -> 40 | G54: =('Lucas H'!AI60) -> 40 | N54: =SUM(B54:D54) -> 160
A55: Mayuresh | B55: =('Daniela Z'!AI13) -> 0 | C55: =('Daniela Z'!AI22) -> 0 | D55: =('Daniela Z'!AI31) -> 0 | E55: =('Daniela Z'!AI40) -> 0 | F55: =('Daniela Z'!AI50) -> 0 | G55: =('Daniela Z'!AI60) -> 0 | N55: =SUM(B55:D55) -> 0
A56: Daniela
A59: MR ASSIST | B59: Januar | C59: Februar | D59: März | E59: April | F59: Mai | G59: Juni | H59: Juli | I59: August | J59: September | K59: Oktober | L59: November | M59: Dezember
A60: Lars | B60: =('Lars B'!AI14) -> 0 | C60: =('Lars B'!AI25) -> 0 | D60: =('Lars B'!AI36) -> 0 | E60: =('Lars B'!AI48) -> 0 | F60: =('Lars B'!AI60) -> 0 | G60: =('Lena S'!AI62) -> 0 | N60: =SUM(B60:D60) -> 0
A61: Lena | B61: =('Lena S'!AI14) -> 144 | C61: =('Lena S'!AI23) -> 48 | D61: =('Lena S'!AI32) -> 40 | E61: =('Lena S'!AI42) -> 40 | F61: =('Lena S'!AI52) -> 0 | G61: =('Lena S'!AI62) -> 0 | N61: =SUM(B61:D61) -> 232
A62: Sabrina | B62: =('Sabrina F'!AI14) -> 0 | C62: =('Sabrina F'!AI23) -> 0 | D62: =('Sabrina F'!AI32) -> 0 | E62: =('Sabrina F'!AI42) -> 0 | F62: =('Sabrina F'!AI52) -> 0 | G62: =('Sabrina F'!AI62) -> 0 | N62: =SUM(B62:D62) -> 0
A63: Karen | B63: =('Karen JT'!AI14) -> 0 | C63: =('Karen JT'!AI23) -> 0 | D63: =('Karen JT'!AI32) -> 0 | E63: =('Karen JT'!AI42) -> 0 | F63: =('Karen JT'!AI52) -> 0 | G63: =('Karen JT'!AI62) -> 0 | N63: =SUM(B63:D63) -> 0
A64: Ron | B64: =('Ron J'!AI14) -> 88 | C64: =('Ron J'!AI23) -> 16 | D64: =('Ron J'!AI32) -> 0 | E64: =('Ron J'!AI42) -> 0 | F64: =('Ron J'!AI52) -> 0 | G64: =('Ron J'!AI62) -> 32 | N64: =SUM(B64:D64) -> 104
A65: Lucas | B65: =('Lucas H'!AI14) -> 0 | C65: =('Lucas H'!AI23) -> 0 | D65: =('Lucas H'!AI32) -> 24 | E65: =('Lucas H'!AI42) -> 0 | F65: =('Lucas H'!AI52) -> 0 | G65: =('Lucas H'!AI62) -> 0 | N65: =SUM(B65:D65) -> 24
A66: Mayuresh | B66: =('Daniela Z'!AI14) -> 64 | C66: =('Daniela Z'!AI23) -> 40 | D66: =('Daniela Z'!AI32) -> 0 | E66: =('Daniela Z'!AI42) -> 0 | F66: =('Daniela Z'!AI52) -> 40 | G66: =('Daniela Z'!AI62) -> 0 | N66: =SUM(B66:D66) -> 104
A67: Daniela
A70: HEATFLUXTEX | B70: Januar | C70: Februar | D70: März | E70: April | F70: Mai | G70: Juni | H70: Juli | I70: August | J70: September | K70: Oktober | L70: November | M70: Dezember
A71: Lars | B71: =('Lars B'!AI15) -> 0 | C71: =('Lars B'!AI26) -> 0 | D71: =('Lars B'!AI37) -> 0 | E71: =('Lars B'!AI49) -> 0 | F71: =('Lars B'!AI61) -> 0 | G71: 0 | N71: =SUM(B71:D71) -> 0
A72: Lena | B72: =('Lena S'!AI15) -> 0 | C72: 0 | D72: =('Lena S'!AI33) -> 0 | E72: =('Lena S'!AI43) -> 0 | F72: =('Lena S'!AI53) -> 0 | G72: 0 | N72: =SUM(B72:D72) -> 0
A73: Sabrina | B73: =('Sabrina F'!AI15) -> 0 | C73: =('Sabrina F'!AI24) -> 0 | D73: =('Sabrina F'!AI33) -> 0 | E73: =('Sabrina F'!AI43) -> 0 | F73: =('Sabrina F'!AI53) -> 0 | G73: =('Sabrina F'!AI63) -> 0 | N73: =SUM(B73:D73) -> 0
A74: Karen | B74: =('Karen JT'!AI15) -> 0 | C74: =('Karen JT'!AI24) -> 0 | D74: =('Karen JT'!AI33) -> 0 | E74: =('Karen JT'!AI43) -> 48 | F74: =('Karen JT'!AI53) -> 135 | G74: =('Karen JT'!AI63) -> 0 | N74: =SUM(B74:D74) -> 0
A75: Ron | B75: =('Ron J'!AI15) -> 0 | C75: =('Ron J'!AI24) -> 0 | D75: =('Ron J'!AI33) -> 96 | E75: =('Ron J'!AI43) -> 112 | F75: =('Ron J'!AI53) -> 96 | G75: =('Ron J'!AI63) -> 0 | N75: =SUM(B75:D75) -> 96
A76: Lucas | B76: =('Lucas H'!AI15) -> 0 | C76: =('Lucas H'!AI24) -> 0 | D76: =('Lucas H'!AI33) -> 0 | E76: =('Lucas H'!AI43) -> 0 | F76: =('Lucas H'!AI53) -> 0 | G76: =('Lucas H'!AI63) -> 0 | N76: =SUM(B76:D76) -> 0
A77: Daniela | B77: =('Daniela Z'!AI15) -> 0 | C77: =('Daniela Z'!AI24) -> 0 | D77: =('Daniela Z'!AI33) -> 120 | E77: =('Daniela Z'!AI43) -> 72 | F77: =('Daniela Z'!AI53) -> 80 | G77: =('Daniela Z'!AI63) -> 0 | N77: =SUM(B77:D77) -> 120
A80: FLEXtexIR | B80: Januar | C80: Februar | D80: März | E80: April | F80: Mai | G80: Juni | H80: Juli | I80: August | J80: September | K80: Oktober | L80: November | M80: Dezember
A81: Lars | B81: =('Lars B'!AI24) -> 0 | C81: =('Lars B'!AI35) -> 0 | D81: =('Lars B'!AI46) -> 0 | E81: =('Lars B'!AI58) -> 0 | F81: =('Lars B'!AI70) -> 0 | G81: 0 | N81: =SUM(B81:D81) -> 0
A82: Lena | B82: =('Lena S'!AI24) -> 16 | C82: 0 | D82: =('Lena S'!AI42) -> 40 | E82: =('Lena S'!AI52) -> 0 | F82: =('Lena S'!AI62) -> 0 | G82: 0 | N82: =SUM(B82:D82) -> 56
A83: Sabrina | B83: =('Sabrina F'!AI24) -> 0 | C83: =('Sabrina F'!AI33) -> 0 | D83: =('Sabrina F'!AI42) -> 0 | E83: =('Sabrina F'!AI52) -> 0 | F83: =('Sabrina F'!AI62) -> 0 | G83: =('Sabrina F'!AI72) -> 0 | N83: =SUM(B83:D83) -> 0
A84: Karen | B84: =('Karen JT'!AI24) -> 0 | C84: =('Karen JT'!AI33) -> 0 | D84: =('Karen JT'!AI42) -> 0 | E84: =('Karen JT'!AI52) -> 0 | F84: =('Karen JT'!AI62) -> 0 | G84: =('Karen JT'!AI72) -> 0 | N84: =SUM(B84:D84) -> 0
A85: Ron | B85: =('Ron J'!AI24) -> 0 | C85: =('Ron J'!AI33) -> 96 | D85: =('Ron J'!AI42) -> 0 | E85: =('Ron J'!AI52) -> 0 | F85: =('Ron J'!AI62) -> 32 | G85: =('Ron J'!AI72) -> 0 | N85: =SUM(B85:D85) -> 96
A86: Lucas | B86: =('Lucas H'!AI24) -> 0 | C86: =('Lucas H'!AI33) -> 0 | D86: =('Lucas H'!AI42) -> 0 | E86: =('Lucas H'!AI52) -> 0 | F86: =('Lucas H'!AI62) -> 0 | G86: =('Lucas H'!AI72) -> 0 | N86: =SUM(B86:D86) -> 0
A87: Mayuresh
A88: Daniela | B88: =('Daniela Z'!AI24) -> 0 | C88: =('Daniela Z'!AI33) -> 120 | D88: =('Daniela Z'!AI42) -> 0 | E88: =('Daniela Z'!AI52) -> 40 | F88: =('Daniela Z'!AI62) -> 0 | G88: =('Daniela Z'!AI72) -> 0 | N88: =SUM(B88:D88) -> 120
A90: SOLARGROW | B90: Januar | C90: Februar | D90: März | E90: April | F90: Mai | G90: Juni | H90: Juli | I90: August | J90: September | K90: Oktober | L90: November | M90: Dezember
A91: Lars | B91: =('Lars B'!AI34) -> 0 | C91: =('Lars B'!AI45) -> 0 | D91: =('Lars B'!AI56) -> 0 | E91: =('Lars B'!AI68) -> 0 | F91: =('Lars B'!AI80) -> 0 | G91: 0 | N91: =SUM(B91:D91) -> 0
A92: Lena | B92: =('Lena S'!AI34) -> 0 | C92: 0 | D92: =('Lena S'!AI52) -> 0 | E92: =('Lena S'!AI62) -> 0 | F92: =('Lena S'!AI72) -> 0 | G92: 0 | N92: =SUM(B92:D92) -> 0
A93: Sabrina | B93: =('Sabrina F'!AI34) -> 0 | C93: =('Sabrina F'!AI43) -> 0 | D93: =('Sabrina F'!AI52) -> 0 | E93: =('Sabrina F'!AI62) -> 0 | F93: =('Sabrina F'!AI72) -> 0 | G93: =('Sabrina F'!AI82) -> 0 | N93: =SUM(B93:D93) -> 0
A94: Karen | B94: =('Karen JT'!AI34) -> 0 | C94: =('Karen JT'!AI43) -> 48 | D94: =('Karen JT'!AI52) -> 0 | E94: =('Karen JT'!AI62) -> 0 | F94: =('Karen JT'!AI72) -> 0 | G94: =('Karen JT'!AI82) -> 0 | N94: =SUM(B94:D94) -> 48
A95: Ron | B95: =('Ron J'!AI34) -> 0 | C95: =('Ron J'!AI43) -> 112 | D95: =('Ron J'!AI52) -> 0 | E95: =('Ron J'!AI62) -> 32 | F95: =('Ron J'!AI72) -> 0 | G95: =('Ron J'!AI82) -> 0 | N95: =SUM(B95:D95) -> 112
A96: Lucas | B96: =('Lucas H'!AI34) -> 0 | C96: =('Lucas H'!AI43) -> 0 | D96: =('Lucas H'!AI52) -> 0 | E96: =('Lucas H'!AI62) -> 0 | F96: =('Lucas H'!AI72) -> 0 | G96: =('Lucas H'!AI82) -> 0 | N96: =SUM(B96:D96) -> 0
A97: Mayuresh
A98: Daniela | B98: =('Daniela Z'!AI34) -> 0 | C98: =('Daniela Z'!AI43) -> 72 | D98: =('Daniela Z'!AI52) -> 40 | E98: =('Daniela Z'!AI62) -> 0 | F98: =('Daniela Z'!AI72) -> 0 | G98: =('Daniela Z'!AI82) -> 0 | N98: =SUM(B98:D98) -> 112
A101: TEXWELD | B101: Januar | C101: Februar | D101: März | E101: April | F101: Mai | G101: Juni | H101: Juli | I101: August | J101: September | K101: Oktober | L101: November | M101: Dezember
A102: Lars | B102: =('Lars B'!AI44) -> 0 | C102: =('Lars B'!AI55) -> 0 | D102: =('Lars B'!AI66) -> 0 | E102: =('Lars B'!AI78) -> 0 | F102: =('Lars B'!AI90) -> 0 | G102: 0 | N102: =SUM(B102:D102) -> 0
A103: Mayuresh
